bin,binBarcode,level,option1,option2,option3,productName,productType,quantity,shelf,sku,warehouse,expiration,lotName,minCost,avgCost,maxCost,price,committed,incoming
Grooming,1778252024408,1,Title: Default Title,,,Andis AGC Super 2-Speed Clipper with T-84 Blade,"Horse Care > Grooming & Bathing > Clippers, Blades & Accessories",3,Eliot's Trailer,23330,Corro Trailer 1,,,144310,144310,144310,209990,0,0
Grooming,1778252024408,1,Size: 1 Quart,,,Lucky Braids All-in-One Horse Shampoo,"Horse Care > Grooming & Bathing > Shampoos, Conditioners, & Sprays > Shampoos",5,Eliot's Trailer,2325,Corro Trailer 1,,,20000,20000,20000,30990,0,0
Fly Gear,1778252234584,1,Size: 1 Gallon,,,Farnam Bronco Equine Fly Spray,Horse Care > Fly & Insect Control > Fly Sprays & Traps,1,Eliot's Trailer,100502327,Corro Trailer 1,,,18380,18380,18380,29970,0,9
First Aid,1778252086689,1,Size: 4-inch x 5 Yards,Color: Black,,Andover CoFlex Vet Cohesive Bandages - Single Roll,Horse Care > First Aid & Wellness > First Aid Supplies,20,Eliot's Trailer,3540BK-018,Corro Trailer 1,,,1460,1460,1460,1990,0,0
Grooming,1778252024408,1,Size: 16 Ounces,,,Cowboy Magic Detangler & Shine,"Horse Care > Grooming & Bathing > Shampoos, Conditioners & Sprays > Detanglers, Shines & Sprays",6,Eliot's Trailer,11815-2,Corro Trailer 1,,,21080,21880,23480,28990,0,0
Grooming,1778252024408,1,Size: Gallon,,,Cowboy Magic GreenSpot Remover,"Horse Care > Grooming & Bathing > Shampoos, Conditioners, & Sprays > Stain Removers",2,Eliot's Trailer,320444,Corro Trailer 1,,,24470,24755,25040,39990,0,0
Grooming,1778252024408,1,Size: 32 Ounces,,,Cowboy Magic Detangler & Shine,"Horse Care > Grooming & Bathing > Shampoos, Conditioners & Sprays > Detanglers, Shines & Sprays",6,Eliot's Trailer,11815-3,Corro Trailer 1,,,38300,39947,43240,49990,0,0
Grooming,1778252024408,1,Size: 32 Ounces,,,Cowboy Magic GreenSpot Remover,"Horse Care > Grooming & Bathing > Shampoos, Conditioners, & Sprays > Stain Removers",3,Eliot's Trailer,013-4000,Corro Trailer 1,,,7410,7410,7410,14990,0,0
Treats / Toys,1778252144214,1,Size: 1.5 Kilograms,,,Cavalor Crunchies Healthy Horse Snacks,Horse Care > Treats & Toys > Treats,4,Eliot's Trailer,82696309,Corro Trailer 1,2026-09-10,Lot# LL099,13450,13450,13450,19990,0,0
Supplements,1778252144213,1,Size: 10 Pounds Powder,,,Kentucky Performance Elevate Maintenance Powder,Horse Care > Supplements > Vitamins & Minerals,2,Eliot's Trailer,990011,Corro Trailer 1,2027-10-01,Lot# 550,196500,197230,198690,249950,0,0
Supplements,1778252144213,1,Size: 2 Pounds Powder,,,Kentucky Performance Elevate Maintenance Powder,Horse Care > Supplements > Vitamins & Minerals,4,Eliot's Trailer,14526-1,Corro Trailer 1,2027-10-01,Lot# 550,39940,39943,39950,54990,0,0
Supplements,1778252144213,1,Size: 2 Pounds Powder,,,Kentucky Performance Elevate Maintenance Powder,Horse Care > Supplements > Vitamins & Minerals,1,Eliot's Trailer,14526-1,Corro Trailer 1,2027-06-01,Lot# 3306115,39940,39943,39950,54990,0,0
Treats / Toys,1778252144214,1,Size: 750 Grams,,,Cavalor Fruities Healthy Horse Snacks,Horse Care > Treats & Toys > Treats,2,Eliot's Trailer,82696306,Corro Trailer 1,2027-07-04,Lot# LL280,7220,7220,7220,10950,0,0
First Aid,1778252086689,1,Size: 475 Milliliters,,,Effol Hoof Oil,Horse Care > Grooming & Bathing > Hoof Oils & Conditioner,2,Eliot's Trailer,111475,Corro Trailer 1,,,14200,14200,14200,24990,0,0
First Aid,1778252086689,1,Size: 15 Ounces,,,Absorbine Hooflex All Natural Dressing And Conditioner,Horse Care > Grooming & Bathing > Hoof Oils & Conditioner,2,Eliot's Trailer,14496-1,Corro Trailer 1,,,13970,13970,13970,20890,0,0
First Aid,1778252086689,1,Size: 1 Liter,Color: Green,,Effol Hoof Ointment,Horse Care > Grooming & Bathing > Hoof Oils & Conditioner,2,Eliot's Trailer,110112,Corro Trailer 1,,,14500,14500,14500,21990,0,0
First Aid,1778252086689,1,Size: 15 Ounces,,,Absorbine Hooflex Therapeutic Conditioner Liquid,Horse Care > Grooming & Bathing > Hoof Oils & Conditioner,2,Eliot's Trailer,11713-1,Corro Trailer 1,,,12720,12720,12720,19790,0,0
Hoof Care,1778252024407,1,Size: 4 Pounds,,,Absorbine Magic Cushion,Horse Care > First Aid & Wellness > Poultices & Hoof Packing,1,Eliot's Trailer,13671-2,Corro Trailer 1,,,38320,41700,45080,56190,0,0
Treats / Toys,1778252144214,1,Size: 32 Ounces,,,Mrs. Pastures Cookies for Horses,Horse Care > Treats & Toys > Treats,3,Eliot's Trailer,708852000352,Corro Trailer 1,,,7300,7300,7300,14990,0,0
Grooming,1778252024408,1,Size: 16 Ounces,,,exhibitor's QUIC BRAID Total Mane & Tail Control,Horse Care > Grooming & Bathing > Brushes & Tools > Braiding,5,Eliot's Trailer,321326,Corro Trailer 1,,,8060,8060,8060,15340,0,0
Grooming,1778252024408,1,Size: 64 Ounces,,,exhibitor's QUIC SILVER Whitening Intensifier & Shampoo,"Horse Care > Grooming & Bathing > Shampoos, Conditioners, & Sprays > Shampoos",27,Eliot's Trailer,321164,Corro Trailer 1,,,23230,23230,23230,35990,0,0
Grooming,1778252024408,1,Size: 16 Ounces,,,exhibitor's QUIC SILVER Whitening Intensifier & Shampoo,"Horse Care > Grooming & Bathing > Shampoos, Conditioners, & Sprays > Shampoos",6,Eliot's Trailer,12029-1,Corro Trailer 1,,,7630,7630,7630,13990,0,0
Grooming,1778252024408,1,Size: 1 Gallon,,,Absorbine ShowSheen Hair Polish & Detangler,"Horse Care > Grooming & Bathing > Shampoos, Conditioners & Sprays > Detanglers, Shines & Sprays",4,Eliot's Trailer,428940,Corro Trailer 1,,,30160,30160,30160,43590,0,16
Grooming,1778252024408,1,Size: 32-Ounce Spray,,,Absorbine ShowSheen Hair Polish & Detangler,"Horse Care > Grooming & Bathing > Shampoos, Conditioners & Sprays > Detanglers, Shines & Sprays",12,Eliot's Trailer,11094-1,Corro Trailer 1,,,11940,11940,11940,17990,0,0
Treats / Toys,1778252144214,1,Size: 750 Grams,,,Cavalor Sweeties Healthy Horse Snacks,Horse Care > Treats & Toys > Treats,4,Eliot's Trailer,82696304,Corro Trailer 1,2027-04-24,Lot# LL297,7290,7290,7290,10950,0,0
Grooming,1778252024408,1,Title: Default Title,,,Epona Tiger’s Tongue Horse Groomer,"Horse Care > Grooming & Bathing > Brushes & Tools > Grooming Gloves, Curry Combs & Deshedding Tools",19,Eliot's Trailer,TIGER-1010,Corro Trailer 1,,,3750,3750,3750,9950,0,31
Fly Gear,1778252234584,1,Size: 32 Ounces,,,Absorbine UltraShield Green Natural Fly Repellent,Horse Care > Fly & Insect Control > Fly Sprays & Traps,2,Eliot's Trailer,429501,Corro Trailer 1,,,15480,15480,15480,23590,0,4
Supplements,1778252144213,1,Size: 1 Syringe,,,Merial UlcerGard Oral Paste,Horse Care > Supplements > Digestive & Gut Health,40,Eliot's Trailer,126652,Corro Trailer 1,2026-11-01,Lot# AD017/25,36650,37750,38850,42990,0,0
First Aid,1778252086689,1,Size: 1 Gallon,,,Farnam Vetrolin Liniment,Horse Care > First Aid & Wellness > Liniments,2,Eliot's Trailer,80193,Corro Trailer 1,,,35590,35590,35590,44990,0,0
Grooming,1778252024408,1,Size: 1 Gallon,,,Lucky Braids Whitener & Dry Wash Spray,"Horse Care > Grooming & Bathing > Shampoos, Conditioners, & Sprays > Stain Removers",2,Eliot's Trailer,2360,Corro Trailer 1,,,52000,52000,52000,99950,0,0
First Aid,1778252086689,1,Size: 32 Ounces,,,Farnam Vetrolin Liniment,Horse Care > First Aid & Wellness > Liniments,2,Eliot's Trailer,80192,Corro Trailer 1,,,12730,12730,12730,15990,0,0
Grooming,1778252024408,1,Size: 1 Quart,,,Lucky Braids Whitener & Dry Wash Spray,"Horse Care > Grooming & Bathing > Shampoos, Conditioners, & Sprays > Stain Removers",3,Eliot's Trailer,2362,Corro Trailer 1,,,25000,25000,25000,39950,0,7
First Aid,1778252086689,1,Size: 16 Ounces,,,Sore No-More Performance Liniment,Horse Care > First Aid & Wellness > Liniments,3,Eliot's Trailer,14900-2,Corro Trailer 1,,,15230,15885,16540,28130,0,0
Fly Gear,1778252234584,1,Size: Gallon,,,E3 All Natural Fly Repellent Spray,Horse Care > Fly & Insect Control > Fly Sprays & Traps,1,Eliot's Trailer,30128,Corro Trailer 1,,,25890,25890,25890,34990,0,2
Grooming,1778252024408,1,Size: 1 Gallon,,,E3 Antibacterial & Antifungal Shampoo,"Horse Care > Grooming & Bathing > Shampoos, Conditioners, & Sprays > Shampoos",4,Eliot's Trailer,17230-2,Corro Trailer 1,,,31820,31820,31820,47780,0,0
Grooming,1778252024408,1,Size: 32 Ounces,,,E3 Argan Oil Conditioner,"Horse Care > Grooming & Bathing > Shampoos, Conditioners, & Sprays > Conditioners",6,Eliot's Trailer,17235-1,Corro Trailer 1,,,9620,9620,9620,17980,0,2
Grooming,1778252024408,1,Size: 1 Gallon,,,E3 Argan Oil Shampoo,"Horse Care > Grooming & Bathing > Shampoos, Conditioners, & Sprays > Shampoos",4,Eliot's Trailer,17231-3,Corro Trailer 1,,,28670,28670,28670,49950,0,0
Grooming,1778252024408,1,Size: 32 Ounces,,,E3 Antibacterial & Antifungal Shampoo,"Horse Care > Grooming & Bathing > Shampoos, Conditioners, & Sprays > Shampoos",4,Eliot's Trailer,17230-1,Corro Trailer 1,,,0,6950,13900,25170,0,0
Grooming,1778252024408,1,Size: 32 Ounces,,,E3 Argan Oil Shampoo,"Horse Care > Grooming & Bathing > Shampoos, Conditioners, & Sprays > Shampoos",6,Eliot's Trailer,120032,Corro Trailer 1,,,12040,12040,12040,21290,0,0
Grooming,1778252024408,1,Color: Charcoal/Salt & Pepper,,,Lucky Braids Horse Braiding Yarn,Horse Care > Grooming & Bathing > Brushes & Tools > Braiding,1,Eliot's Trailer,2440,Corro Trailer 1,,,5750,5750,5750,17950,0,0
Treats / Toys,1778252144214,1,Size: 1 Pound,,,German Horse Minty Muffins,Horse Care > Treats & Toys > Treats,10,Eliot's Trailer,15497-1,Corro Trailer 1,,,7530,7530,7530,10990,0,0
Grooming,1778252024408,1,Color: Chestnut/Sorrel,,,Lucky Braids Horse Braiding Yarn,Horse Care > Grooming & Bathing > Brushes & Tools > Braiding,2,Eliot's Trailer,2420,Corro Trailer 1,,,5750,5750,5750,17950,0,0
Grooming,1778252024408,1,Color: Liver Chestnut,,,Lucky Braids Horse Braiding Yarn,Horse Care > Grooming & Bathing > Brushes & Tools > Braiding,1,Eliot's Trailer,2422,Corro Trailer 1,,,5750,5750,5750,17950,0,0
Grooming,1778252024408,1,Color: Light Grey/Flaxen,,,Lucky Braids Horse Braiding Yarn,Horse Care > Grooming & Bathing > Brushes & Tools > Braiding,2,Eliot's Trailer,2430,Corro Trailer 1,,,5750,5750,5750,17950,0,0
Treats / Toys,1778252144214,1,Size: 1 Pound,,,German Horse Muffins,Horse Care > Treats & Toys > Treats,13,Eliot's Trailer,011-1001001,Corro Trailer 1,,,5120,5120,5120,9990,0,0
Grooming,1778252024408,1,Color: Black,,,Lucky Braids Horse Braiding Yarn,Horse Care > Grooming & Bathing > Brushes & Tools > Braiding,2,Eliot's Trailer,2410,Corro Trailer 1,,,5750,5750,5750,17950,0,0
Horse Wear,1778252234587,1,Size: Oversized,Color: Black,,EquiFit Ear Bonnet,Tack & Equipment > Ear Plugs & Bonnets > Bonnets,1,Eliot's Trailer,02016O,Corro Trailer 1,,,54970,54970,54970,108000,0,0
Horse Wear,1778252234587,1,Size: Horse,Color: Black,,EquiFit Ear Bonnet,Tack & Equipment > Ear Plugs & Bonnets > Bonnets,1,Eliot's Trailer,02016H,Corro Trailer 1,,,54970,54970,54970,108000,0,0
Grooming,1778252024408,1,Color: Purple,,,Tough-1 Great Grip Mane & Tail Brush,Horse Care > Grooming & Bathing > Brushes & Tools > Brushes & Combs,2,Eliot's Trailer,68-907-10-0,Corro Trailer 1,,,3690,3690,3690,6990,0,0
Grooming,1778252024408,1,Color: Royal Blue,,,Tough-1 Great Grip Mane & Tail Brush,Horse Care > Grooming & Bathing > Brushes & Tools > Brushes & Combs,2,Eliot's Trailer,68-907-4-0,Corro Trailer 1,,,3690,3690,3690,6990,0,0
Supplements,1778252144213,1,Size: 2 Kilograms,,,Cavalor Lactatec Powder,Horse Care > Supplements > Inflammation & Pain Relief,1,Eliot's Trailer,82194702,Corro Trailer 1,2027-10-30,Lot# 25100024,164590,164590,164590,241990,0,0
Supplements,1778252144213,1,Size: 1 tube,,,Cavalor Take It Easy Forte,Horse Care > Supplements > Calming & Focus,43,Eliot's Trailer,82194676-SINGLE,Corro Trailer 1,2027-09-30,Lot# 2507002,19620,19620,19620,28990,0,0
Supplements,1778252144213,1,Size: 5 Kilograms,,,Cavalor Lactatec Powder,Horse Care > Supplements > Inflammation & Pain Relief,1,Eliot's Trailer,82194705,Corro Trailer 1,2027-06-30,Lot# US25080001,305390,305390,305390,448990,0,0
Grooming,1778252024408,1,Size: 1 Gallon,,,"Healthy HairCare Horse Moisturizer Concentrate for Coat, Mane, and Tail","Horse Care > Grooming & Bathing > Shampoos, Conditioners & Sprays > Detanglers, Shines & Sprays",16,Eliot's Trailer,16906-4,Corro Trailer 1,,,37060,38900,40740,59990,0,0
Grooming,1778252024408,1,Size: T-10,,,Andis UltraEdge Detachable Blade,"Horse Care > Grooming & Bathing > Clippers, Blades & Accessories",10,Eliot's Trailer,13235-10,Corro Trailer 1,,,29720,29720,29720,47990,0,0
Grooming,1778252024408,1,Size: T-84,,,Andis UltraEdge Detachable Blade,"Horse Care > Grooming & Bathing > Clippers, Blades & Accessories",10,Eliot's Trailer,13235-11,Corro Trailer 1,,,25020,25020,25020,39990,0,0
Grooming,1778252024408,1,Size: #10 (Medium),,,Andis UltraEdge Detachable Blade,"Horse Care > Grooming & Bathing > Clippers, Blades & Accessories",10,Eliot's Trailer,64071,Corro Trailer 1,,,18500,18500,18500,30950,0,0
Supplements,1778252144213,1,Size: 10-Pack,,,Nupafeed Magnesium Horse Calming Concentrated Paste,Horse Care > Supplements > Calming & Focus,0,Eliot's Trailer,MAHBOX10,Corro Trailer 1,,,92000,92000,92000,131000,0,0
Supplements,1778252144213,1,Size: 5 Liters,,,Nupafeed MAH Magnesium Daily Liquid,Horse Care > Supplements > Calming & Focus,2,Eliot's Trailer,MAH5,Corro Trailer 1,2028-08-01,Lot# 041765,161000,161000,161000,233000,0,0
Supplements,1778252144213,1,Size: 3 Liters,,,Nupafeed MAH Magnesium Daily Liquid,Horse Care > Supplements > Calming & Focus,2,Eliot's Trailer,MAH3,Corro Trailer 1,2028-02-01,Lot# 038981,107000,107000,107000,165000,0,0
Grooming,1778252024408,1,Size: 120 Ounces,,,Orvus Paste Soap,"Horse Care > Grooming & Bathing > Shampoos, Conditioners, & Sprays > Shampoos",3,Eliot's Trailer,11068-1,Corro Trailer 1,,,22210,22210,22210,31990,0,0
Grooming,1778252024408,1,Title: Default Title,,,Epona April Power Shower Horse Sponge,Horse Care > Grooming & Bathing > Brushes & Tools > Sponges,12,Eliot's Trailer,1089,Corro Trailer 1,,,3750,3750,3750,9950,0,18
Grooming,1778252024408,1,Title: Default Title,,,Epona Ulta Mitt,"Horse Care > Grooming & Bathing > Brushes & Tools > Grooming Gloves, Curry Combs & Deshedding Tools",5,Eliot's Trailer,12423-1,Corro Trailer 1,,,7260,7260,7260,14970,0,0
Hoof Care,1778252024407,1,Size: 32 Ounces,,,E3 Hoof Oil Conditioner and Dressing,Horse Care > Grooming & Bathing > Hoof Oils & Conditioner,6,Eliot's Trailer,001-80032,Corro Trailer 1,,,16110,18810,21510,22990,0,0
Treats / Toys,1778252144214,1,Size: 550 Grams,Flavor: Apple,,Likit Granola Horse Treat Refill,Horse Care > Treats & Toys > Toys & Licks,0,Eliot's Trailer,GRANAPX8US,Corro Trailer 1,,,0,1850,3700,7990,0,0
Treats / Toys,1778252144214,1,Size: 550 Grams,Flavor: Multigrain,,Likit Granola Horse Treat Refill,Horse Care > Treats & Toys > Toys & Licks,2,Eliot's Trailer,GRANORX8US,Corro Trailer 1,,,3700,3840,3980,7990,0,0
Treats / Toys,1778252144214,1,Size: 550 Grams,Flavor: Mixed Berry,,Likit Granola Horse Treat Refill,Horse Care > Treats & Toys > Toys & Licks,1,Eliot's Trailer,GRANMBX8US,Corro Trailer 1,,,0,1850,3700,7990,0,0
Treats / Toys,1778252144214,1,Size: 550 Grams,Flavor: Mixed Peppermint,,Likit Granola Horse Treat Refill,Horse Care > Treats & Toys > Toys & Licks,1,Eliot's Trailer,GRANMIX8US,Corro Trailer 1,,,0,1850,3700,7990,0,0
Treats / Toys,1778252144214,1,Size: 5 Pounds,,,Kelcie's Treats Pumpkin Spice Horse Treat,Horse Care > Treats & Toys > Treats,4,Eliot's Trailer,19718-3,Corro Trailer 1,,,23870,24935,26000,42950,0,0
Treats / Toys,1778252144214,1,Size: 1 Pound,,,Kelcie's Treats Pumpkin Spice Horse Treat,Horse Care > Treats & Toys > Treats,5,Eliot's Trailer,19718-2,Corro Trailer 1,,,8000,8000,8000,18490,0,0
Supplements,1778252144213,1,Size: 60 cc (1-2 Doses),,,Perfect Prep EQ Gold Calming Paste,Horse Care > Supplements > Calming & Focus,4,Eliot's Trailer,851393005024,Corro Trailer 1,2027-11-01,Lot# 3386755,17000,17000,17000,25490,0,0
Supplements,1778252144213,1,Size: 60 cc (1-2 Doses),,,Perfect Prep EQ Gold Calming Paste,Horse Care > Supplements > Calming & Focus,5,Eliot's Trailer,851393005024,Corro Trailer 1,2027-08-01,Lot#3356171,17000,17000,17000,25490,0,0
Supplements,1778252144213,1,Size: 10 Pounds,,,Perfect Prep EQ Gold Pellets,Horse Care > Supplements > Calming & Focus,1,Eliot's Trailer,851393005420,Corro Trailer 1,2027-02-01,3326811,270000,270000,270000,429000,0,0
Supplements,1778252144213,1,Size: 80 cc (1 Dose),,,Perfect Prep EQ Supreme Paste,Horse Care > Supplements > Calming & Focus,32,Eliot's Trailer,851393005017,Corro Trailer 1,2027-11-01,Lot#3385399,15600,15600,15600,23990,0,0
Hoof Care,1778252024407,1,Size: 23 Pounds,,,SORE NO-MORE Performance Poultice,Horse Care > First Aid & Wellness > Poultices & Hoof Packing,2,Eliot's Trailer,AE007,Corro Trailer 1,,,108770,108770,108770,177020,0,0
First Aid,1778252086689,1,Size: 5 Pounds,,,SORE NO-MORE Performance Poultice,Horse Care > First Aid & Wellness > Poultices & Hoof Packing,1,Eliot's Trailer,AE006,Corro Trailer 1,,,27780,27780,27780,44400,0,0
Treats / Toys,1778252144214,1,Title: Default Title,,,Likit Himalayan Rock Salt,Horse Care > Treats & Toys > Toys & Licks,6,Eliot's Trailer,BLIC6US,Corro Trailer 1,,,4680,4680,4680,7990,0,0
Grooming,1778252024408,1,Color: White,,,Super Bands Braiding Bands,Horse Care > Grooming & Bathing > Brushes & Tools > Braiding,24,Eliot's Trailer,BNDWH,Corro Trailer 1,,,4590,4825,5060,8990,0,0
Grooming,1778252024408,1,Color: Red/Sorrel,,,Super Bands Braiding Bands,Horse Care > Grooming & Bathing > Brushes & Tools > Braiding,6,Eliot's Trailer,BNDRD,Corro Trailer 1,,,5060,5060,5060,8990,0,0
Grooming,1778252024408,1,Color: Black,,,Super Bands Braiding Bands,Horse Care > Grooming & Bathing > Brushes & Tools > Braiding,12,Eliot's Trailer,BNDBK,Corro Trailer 1,,,4590,4825,5060,8990,0,12
Grooming,1778252024408,1,Color: Brown/Chestnut,,,Super Bands Braiding Bands,Horse Care > Grooming & Bathing > Brushes & Tools > Braiding,12,Eliot's Trailer,BNDBN,Corro Trailer 1,,,4590,4890,5190,8990,0,0
Grooming,1778252024408,1,Color: Grey,,,Super Bands Braiding Bands,Horse Care > Grooming & Bathing > Brushes & Tools > Braiding,16,Eliot's Trailer,13446-3,Corro Trailer 1,,,5060,5060,5060,8990,0,0
Grooming,1778252024408,1,Size: 32 Ounces,,,Absorbine Santa Fe Coat Conditioner and Sunscreen,"Horse Care > Grooming & Bathing > Shampoos, Conditioners & Sprays > Detanglers, Shines & Sprays",12,Eliot's Trailer,12319-1,Corro Trailer 1,,,11380,11617,12090,15090,0,0
Grooming,1778252024408,1,Size: 1 Gallon,,,Aloe Advantage Concentrated Shampoo,"Horse Care > Grooming & Bathing > Shampoos, Conditioners, & Sprays > Shampoos",4,Eliot's Trailer,077-00345,Corro Trailer 1,,,12880,12880,12880,16490,0,4
First Aid,1778252086689,1,Size: 32 Ounces,,,Fiebing's Hoof Dressing,Horse Care > Grooming & Bathing > Hoof Oils & Conditioner,2,Eliot's Trailer,11017-1,Corro Trailer 1,,,12650,12650,12650,15990,0,0
Grooming,1778252024408,1,Color: Black,,,Tough-1 Rubber Grooming Glove,"Horse Care > Grooming & Bathing > Brushes & Tools > Grooming Gloves, Curry Combs & Deshedding Tools",10,Eliot's Trailer,68-24485-2-0,Corro Trailer 1,,,1990,1990,1990,3950,0,0
First Aid,1778252086689,1,Size: 3 Ounces (Roll On),,,Valhoma DMSO Dimethyl Sulfoxide Solution 99%,Horse Care > First Aid & Wellness > Liniments,2,Eliot's Trailer,DMSOROLLON,Corro Trailer 1,,,6880,6880,6880,9950,0,0
First Aid,1778252086689,1,Size: 16 Ounces,,,Valhoma DMSO Dimethyl Sulfoxide Solution 99%,Horse Care > First Aid & Wellness > Liniments,2,Eliot's Trailer,SO99PT,Corro Trailer 1,,,14600,14600,14600,18950,0,0
Supplements,1778252144213,1,Size: 5 Pounds,,,Kentucky Performance Products Summer Games Electrolyte,Horse Care > Supplements > Electrolytes & Salt,5,Eliot's Trailer,630995,Corro Trailer 1,2027-07-01,Lot #0001179099,13740,13740,13740,19950,0,0
First Aid,1778252086689,1,Size: 16 Ounces,,,Valhoma DMSO Gel,Horse Care > First Aid & Wellness > Liniments,2,Eliot's Trailer,764782001906,Corro Trailer 1,,,18390,18390,18390,24990,0,0
Horse Wear,1778252234587,1,Size: Horse,Color: Black,,Pomms Original,Tack & Equipment > Ear Plugs & Bonnets > Ear Plugs,5,Eliot's Trailer,1000_EHI,Corro Trailer 1,,,6500,6500,6500,11000,0,0
Horse Wear,1778252234587,1,Size: Pony,Color: Black,,"Pomms Smooth Style, 4 Pack",Tack & Equipment > Ear Plugs & Bonnets > Ear Plugs,5,Eliot's Trailer,1301,Corro Trailer 1,,,6500,6500,6500,13990,0,0
Horse Wear,1778252234587,1,Size: Horse,Color: Black,,"Pomms Smooth Style, 4 Pack",Tack & Equipment > Ear Plugs & Bonnets > Ear Plugs,2,Eliot's Trailer,1300,Corro Trailer 1,,,5670,5670,5670,13990,0,0
Horse Wear,1778252234587,1,Size: Pony,Color: Black,,Pomms Original,Tack & Equipment > Ear Plugs & Bonnets > Ear Plugs,4,Eliot's Trailer,1001_EHI,Corro Trailer 1,,,6500,6500,6500,8990,0,0
Grooming,1778252024408,1,Title: Default Title,,,"Spitfire Poultice Paper, Single Roll",Horse Care > First Aid & Wellness > Poultices & Hoof Packing,6,Eliot's Trailer,SFPP,Corro Trailer 1,,,5500,5500,5500,9990,0,0
Fly Gear,1778252234584,1,Size: 32 Ounces,,,Absorbine UltraShield EX Insecticide and Repellent,Horse Care > Fly & Insect Control > Fly Sprays & Traps,12,Eliot's Trailer,430854,Corro Trailer 1,,,18200,18200,18200,26990,0,12
Fly Gear,1778252234584,1,Size: Gallon,,,Absorbine UltraShield EX Insecticide and Repellent,Horse Care > Fly & Insect Control > Fly Sprays & Traps,4,Eliot's Trailer,430870,Corro Trailer 1,,,54830,54830,54830,79190,0,28
Rider,1778252234585,1,Color: Dark Brown,,,One Knot Hair Net,Rider > Accessories & Apparel > Accessories,5,Eliot's Trailer,18911-4,Corro Trailer 1,,,5960,5960,5960,9990,0,0
Rider,1778252234585,1,Color: Light Brown,,,One Knot Hair Net,Rider > Accessories & Apparel > Accessories,5,Eliot's Trailer,18911-2,Corro Trailer 1,,,5960,5960,5960,9990,0,0
Rider,1778252234585,1,Color: Blonde,,,One Knot Hair Net,Rider > Accessories & Apparel > Accessories,5,Eliot's Trailer,18911-1,Corro Trailer 1,,,5960,5960,5960,9990,0,0
Rider,1778252234585,1,Color: Medium Brown,,,One Knot Hair Net,Rider > Accessories & Apparel > Accessories,5,Eliot's Trailer,18911-3,Corro Trailer 1,,,5960,5960,5960,9990,0,0
First Aid,1778252086689,1,Size: Large,,,Aspen Nitrile Gloves,Horse Care > First Aid & Wellness > First Aid Supplies,4,Eliot's Trailer,21274982,Corro Trailer 1,,,5250,5250,5250,9990,0,0
First Aid,1778252086689,1,Size: Medium,,,Aspen Nitrile Gloves,Horse Care > First Aid & Wellness > First Aid Supplies,4,Eliot's Trailer,21274981,Corro Trailer 1,,,5250,5250,5250,9990,0,0
Grooming,1778252024408,1,Color: Black,,,"Quick Knot Deluxe Braiding Pins, Multi-Pack",Horse Care > Grooming & Bathing > Brushes & Tools > Braiding,40,Eliot's Trailer,SUM408,Corro Trailer 1,,,3000,3000,3000,9990,0,0
Tack,1778180207021,1,Size: Full,Color: Brown,,Dy'on Figure 8 Noseband Bridle - D Collection,"Tack & Equipment > Bridles, Headstalls & Reins > English Bridles & Reins > Bridles",1,Eliot's Trailer,DYAAAC-BR-F,Corro Trailer 1,,,193770,193770,193770,629990,0,0
Tack,1778180207021,1,Size: Full,Color: Brown,,Dy'on Cavesson Noseband Bridle - US Collection,"Tack & Equipment > Bridles, Headstalls & Reins > English Bridles & Reins > Bridles",1,Eliot's Trailer,USKDAJ-BR-F,Corro Trailer 1,,,186850,186850,186850,604990,0,0
Tack,1778180207021,1,Size: Cob,Color: Brown,,Dy'on Bridge Breastplate - D Collection,Tack & Equipment > Martingales & Breastplates,1,Eliot's Trailer,DY06D-BR-C,Corro Trailer 1,,,152240,152240,152240,494990,0,0
Tack,1778180207021,1,Size: Cob,Color: Brown,,Dy'on Standing Martingale - US Collection,Tack & Equipment > Martingales & Breastplates,1,Eliot's Trailer,US07H-BR-C,Corro Trailer 1,,,100340,100340,100340,324990,0,0
Tack,1778180207021,1,Size: Cob,Color: Brown,,Dy'on 5/8 Rubber Reins - D Collection,"Tack & Equipment > Bridles, Headstalls & Reins > English Bridles & Reins > Reins",2,Eliot's Trailer,DY05B-BR-C,Corro Trailer 1,,,72660,72660,72660,234990,0,0
Tack,1778180207021,1,Size: Full,Color: Brown,,Dy'on Double Noseband - D Collection,"Tack & Equipment > Bridles, Headstalls & Reins > English Bridles & Reins > Bridles",1,Eliot's Trailer,DY04HBRF,Corro Trailer 1,,,86500,86500,86500,279990,0,0
Tack,1778180207021,1,Size: Full,Color: Brown,,Dy'on 5/8 Rubber Reins - D Collection,"Tack & Equipment > Bridles, Headstalls & Reins > English Bridles & Reins > Reins",1,Eliot's Trailer,DY05B-BR-F,Corro Trailer 1,,,72660,72660,72660,234990,0,0
Tack,1778180207021,1,Size: Full,Color: Brown,,Dy'on Bridge Breastplate - D Collection,Tack & Equipment > Martingales & Breastplates,1,Eliot's Trailer,DY06D-BR-F,Corro Trailer 1,,,152240,152240,152240,494990,0,0
Tack,1778180207021,1,Size: Full,Color: Brown,,Dy'on 5/8 Laced Reins - US Collection,"Tack & Equipment > Bridles, Headstalls & Reins > English Bridles & Reins > Reins",3,Eliot's Trailer,US05RBRF,Corro Trailer 1,,,93420,93420,93420,304990,0,0
Tack,1778180207021,1,Size: Full,Color: Brown,,Dy'on Anatomic Flash Noseband Bridle - D Collection,"Tack & Equipment > Bridles, Headstalls & Reins > English Bridles & Reins > Bridles",2,Eliot's Trailer,DYABAB-BR-F,Corro Trailer 1,,,207610,207610,207610,674990,0,0
Tack,1778180207021,1,Size: Cob,Color: Brown,,Dy'on Anatomic Flash Noseband Bridle - D Collection,"Tack & Equipment > Bridles, Headstalls & Reins > English Bridles & Reins > Bridles",2,Eliot's Trailer,DYABAB-BR-C,Corro Trailer 1,,,207610,207610,207610,674990,0,0
Tack,1778180207021,1,Size: Cob,Color: Brown,,Dy'on 5/8 Laced Reins - US Collection,"Tack & Equipment > Bridles, Headstalls & Reins > English Bridles & Reins > Reins",2,Eliot's Trailer,US05RBRC,Corro Trailer 1,,,93420,93420,93420,304990,0,0
First Aid,1778252086689,1,Size: 20 Gauge x 1 1/2 Inch,Quantity: Box of 100,,Monojet Poly Hub Needle,Horse Care > First Aid & Wellness > First Aid Supplies > Needles and Syringes,2,Eliot's Trailer,8881251790,Corro Trailer 1,,,10650,10650,10650,18990,0,0
First Aid,1778252086689,1,Size: 20 Gauge x 1 Inch,Quantity: Box of 100,,Monojet Poly Hub Needle,Horse Care > First Aid & Wellness > First Aid Supplies > Needles and Syringes,2,Eliot's Trailer,8881251782,Corro Trailer 1,,,9540,9540,9540,15990,0,0
Treats / Toys,1778252144214,1,Size: 3.53 Pounds,Flavor: Peppermint,,Likit Granola Stall Ball,Horse Care > Treats & Toys > Toys & Licks,2,Eliot's Trailer,GRANBALLMIUS,Corro Trailer 1,,,0,7740,15480,22990,0,0
First Aid,1778252086689,1,Size: 6cc / Box of 50,,,Monoject Disposable Regular Tip Syringe,Horse Care > First Aid & Wellness > First Aid Supplies > Needles and Syringes,2,Eliot's Trailer,8881516911,Corro Trailer 1,,,12500,12500,12500,18990,0,0
Treats / Toys,1778252144214,1,Size: 3.53 Pounds,Flavor: Molasses,,Likit Granola Stall Ball,Horse Care > Treats & Toys > Toys & Licks,2,Eliot's Trailer,GRANBALLNAUS,Corro Trailer 1,,,15480,15480,15480,22990,0,0
Treats / Toys,1778252144214,1,Size: 3.53 Pounds,Flavor: Apple,,Likit Granola Stall Ball,Horse Care > Treats & Toys > Toys & Licks,2,Eliot's Trailer,GRANBALLAP,Corro Trailer 1,,,15480,15480,15480,22990,0,0
First Aid,1778252086689,1,Size: 60cc / Box of 20,,,Monoject Disposable Regular Tip Syringe,Horse Care > First Aid & Wellness > First Aid Supplies > Needles and Syringes,1,Eliot's Trailer,8881560224,Corro Trailer 1,,,24740,24740,24740,36990,0,0
Grooming,1778252024408,1,Title: Default Title,,,Rubber Curry Comb,"Horse Care > Grooming & Bathing > Brushes & Tools > Grooming Gloves, Curry Combs & Deshedding Tools",4,Eliot's Trailer,65-2141,Corro Trailer 1,,,4410,4410,4410,6990,0,1
Supplements,1778252144213,1,Size: 3 Doses / 80cc,,,Peak Performance Nutrients Perfect Balance Electrolite,Horse Care > Supplements > Electrolytes & Salt,12,Eliot's Trailer,1336,Corro Trailer 1,2027-04-30,Lot #2426,11550,11550,11550,16990,0,0
Horse Wear,1778252234587,1,Color: Black,Size: Full,,Equiline Dave Soundproof Ear Net With Square Edge,Tack & Equipment > Ear Plugs & Bonnets > Bonnets,1,Eliot's Trailer,E01043-006F,Corro Trailer 1,,,55000,55000,55000,109000,0,0
Horse Wear,1778252234587,1,Color: Black,,,Equiline Loop Tie Down Ear Bonnet,Tack & Equipment > Ear Plugs & Bonnets > Bonnets,1,Eliot's Trailer,E00057-006,Corro Trailer 1,,,42500,42500,42500,85000,0,0
Grooming,1778252024408,1,Size: 32 Ounces,,,ShowBarn Secret Braiding Spray,Horse Care > Grooming & Bathing > Brushes & Tools > Braiding,1,Eliot's Trailer,SBSBS32,Corro Trailer 1,,,10500,10500,10500,20990,0,0
Tack,1778180207021,1,Size: Full,Color: Brown,,Dy'on 5/8 Leather/Nylon Draw Reins - D Collection,"Tack & Equipment > Bridles, Headstalls & Reins > English Bridles & Reins > Reins",3,Eliot's Trailer,DY08B-BR-F,Corro Trailer 1,,,76120,76120,76120,249990,0,0
Tack,1778180207021,1,Size: Cob,Color: Brown,,Dy'on Blinkers,"Tack & Equipment > Bridles, Headstalls & Reins > English Bridles & Reins > Bridle Accessories",3,Eliot's Trailer,AB99KBRC,Corro Trailer 1,,,17290,17290,17290,59990,0,0
Tack,1778180207021,1,Size: Full,Color: Brown,,Dy'on 5/8 Web Reins With 9 Leather Loops - D Collection,"Tack & Equipment > Bridles, Headstalls & Reins > English Bridles & Reins > Reins",1,Eliot's Trailer,DY05K-BR-F,Corro Trailer 1,,,65740,65740,65740,214990,0,0
Tack,1778180207021,1,Size: Cob,Color: Brown,,Dy'on 5/8 Leather/Nylon Draw Reins - D Collection,"Tack & Equipment > Bridles, Headstalls & Reins > English Bridles & Reins > Reins",1,Eliot's Trailer,DY08B-BR-C,Corro Trailer 1,,,76120,76120,76120,249990,0,0
Tack,1778180207021,1,Size: Cob,Color: Brown,,Dy'on Rope Noseband - D Collection,"Tack & Equipment > Bridles, Headstalls & Reins > English Bridles & Reins > Bridles",2,Eliot's Trailer,DY04F-BR-C,Corro Trailer 1,,,51900,51900,51900,169990,0,0
Tack,1778180207021,1,Size: Full,Color: Brown,,Dy'on Rope Noseband - D Collection,"Tack & Equipment > Bridles, Headstalls & Reins > English Bridles & Reins > Bridles",2,Eliot's Trailer,DY04F-BR-F,Corro Trailer 1,,,51900,51900,51900,169990,0,0
Tack,1778180207021,1,Size: Cob,Color: Brown,,Dy'on 3/8 Flash Nose Strap - D Collection,"Tack & Equipment > Bridles, Headstalls & Reins > English Bridles & Reins > Bridle Accessories",3,Eliot's Trailer,DY99A-BR-C,Corro Trailer 1,,,13830,13830,13830,44990,0,0
Tack,1778180207021,1,Size: Cob,Color: Brown,,Dy'on Fig 8 Noseband- D Collection,"Tack & Equipment > Bridles, Headstalls & Reins > English Bridles & Reins > Bridles",2,Eliot's Trailer,DY04C-BR-C,Corro Trailer 1,,,76120,76120,76120,249990,0,0
Grooming,1778252024408,1,Color: Chestnut,,,Braiding Bands,Horse Care > Grooming & Bathing > Brushes & Tools > Braiding,6,Eliot's Trailer,368-CS,Corro Trailer 1,,,2980,2980,2980,4980,0,0
First Aid,1778252086689,1,Size: 20 Pack,,,Monoject 60cc Catheter Tip Syringe,Horse Care > First Aid & Wellness > First Aid Supplies > Needles and Syringes,1,Eliot's Trailer,8881560141,Corro Trailer 1,,,24740,24740,24740,29950,0,0
Rider,1778252234585,1,Color: Brown,Size: XS/S,,Yagya Leather Buckle Belt,Rider > Accessories & Apparel > Belts,2,Eliot's Trailer,1000000000717,Corro Trailer 1,,,90000,90000,90000,190000,0,0
Rider,1778252234585,1,Size: Medium,Color: Black,,Yagya Compression Performance Breeches,Rider > Accessories & Apparel > Breeches,1,Eliot's Trailer,1000000000375,Corro Trailer 1,,,167000,167000,167000,350000,0,0
Rider,1778252234585,1,Size: Large,Color: Tan,,Yagya Compression Performance Breeches,Rider > Accessories & Apparel > Breeches,1,Eliot's Trailer,1000000000475,Corro Trailer 1,,,167000,167000,167000,350000,0,0
Rider,1778252234585,1,Size: Small,Color: Black,,Yagya Compression Performance Breeches,Rider > Accessories & Apparel > Breeches,1,Eliot's Trailer,1000000000374,Corro Trailer 1,,,167000,167000,167000,350000,0,0
Rider,1778252234585,1,Size: Extra Small,Color: White,,Yagya Compression Performance Breeches,Rider > Accessories & Apparel > Breeches,1,Eliot's Trailer,1000000000294,Corro Trailer 1,,,167000,167000,167000,350000,0,0
Rider,1778252234585,1,Size: Medium,Color: Navy,,Yagya High-Rise Compression Breeches,Rider > Accessories & Apparel > Breeches,1,Eliot's Trailer,1000000000516,Corro Trailer 1,,,167000,167000,167000,350000,0,0
Rider,1778252234585,1,Size: Medium,Color: White,,Yagya Compression Performance Breeches,Rider > Accessories & Apparel > Breeches,1,Eliot's Trailer,1000000000296,Corro Trailer 1,,,167000,167000,167000,350000,0,0
Rider,1778252234585,1,Size: Medium,Color: Tan,,Yagya High-Rise Compression Breeches,Rider > Accessories & Apparel > Breeches,1,Eliot's Trailer,1000000000509,Corro Trailer 1,,,167000,167000,167000,350000,0,0
Rider,1778252234585,1,Size: Large,Color: White,,Yagya Compression Performance Breeches,Rider > Accessories & Apparel > Breeches,1,Eliot's Trailer,1000000000297,Corro Trailer 1,,,167000,167000,167000,350000,0,0
Rider,1778252234585,1,Size: Large,Color: Tan,,Yagya High-Rise Compression Breeches,Rider > Accessories & Apparel > Breeches,1,Eliot's Trailer,1000000000510,Corro Trailer 1,,,167000,167000,167000,350000,0,0
Rider,1778252234585,1,Color: Black,Size: XS/S,,Yagya Leather Buckle Belt,Rider > Accessories & Apparel > Belts,1,Eliot's Trailer,1000000001461,Corro Trailer 1,,,90000,90000,90000,190000,0,0
Rider,1778252234585,1,Size: XS,Color: Black,,Yagya Signature Riding Jacket,Rider > Accessories & Apparel > Jackets,1,Eliot's Trailer,1000000000018,Corro Trailer 1,,,144000,144000,144000,260000,0,0
Rider,1778252234585,1,Color: Black,Size: Medium,,Yagya Performance Show Jacket,Rider > Accessories & Apparel > Jackets,1,Eliot's Trailer,1000000000753,Corro Trailer 1,,,250000,250000,250000,580000,0,0
Rider,1778252234585,1,Color: Green,Size: Medium,,Yagya Short Padded Jacket,Rider > Accessories & Apparel > Jackets,1,Eliot's Trailer,1000000000995,Corro Trailer 1,,,150000,150000,150000,340000,0,0
Rider,1778252234585,1,Color: Black,Size: XS,,Yagya Performance Show Jacket,Rider > Accessories & Apparel > Jackets,1,Eliot's Trailer,1000000000751,Corro Trailer 1,,,250000,250000,250000,580000,0,0
Rider,1778252234585,1,Color: Black,Size: Small,,Yagya Performance Show Jacket,Rider > Accessories & Apparel > Jackets,1,Eliot's Trailer,1000000000752,Corro Trailer 1,,,250000,250000,250000,580000,0,0
Rider,1778252234585,1,Color: Green,Size: Large,,Yagya Short Padded Jacket,Rider > Accessories & Apparel > Jackets,1,Eliot's Trailer,1000000000996,Corro Trailer 1,,,150000,150000,150000,340000,0,0
Rider,1778252234585,1,Color: Black,Size: Large,,Yagya Performance Show Jacket,Rider > Accessories & Apparel > Jackets,1,Eliot's Trailer,1000000000754,Corro Trailer 1,,,250000,250000,250000,580000,0,0
Rider,1778252234585,1,Color: Black,Size: Large,,Yagya Short Padded Jacket,Rider > Accessories & Apparel > Jackets,1,Eliot's Trailer,1000000000989,Corro Trailer 1,,,150000,150000,150000,340000,0,0
Tack,1778180207021,1,Size: Cob,Color: Brown,,Dy'on Leather Covered Rope Noseband - New English Collection,"Tack & Equipment > Bridles, Headstalls & Reins > English Bridles & Reins > Bridles",2,Eliot's Trailer,NE04IBRC,Corro Trailer 1,,,58820,58820,58820,189990,0,0
Tack,1778180207021,1,Size: Cob,,,Dy'on Anatomic Flash Noseband US Collection,"Tack & Equipment > Bridles, Headstalls & Reins > English Bridles & Reins > Bridle Accessories",1,Eliot's Trailer,US04BBRC,Corro Trailer 1,,,75240,75240,75240,269990,0,0
Tack,1778180207021,1,Size: Full,,,Dy'on Rope Crank Drop Noseband D Collection,"Tack & Equipment > Bridles, Headstalls & Reins > English Bridles & Reins > Bridle Accessories",1,Eliot's Trailer,DY04GBRF,Corro Trailer 1,,,41870,41870,41870,159990,0,0
Tack,1778180207021,1,Size: Oversized,,,Dy'on Anatomic Flash Noseband US Collection,"Tack & Equipment > Bridles, Headstalls & Reins > English Bridles & Reins > Bridle Accessories",1,Eliot's Trailer,US04BBRO,Corro Trailer 1,,,75240,75240,75240,269990,0,0
Grooming,1778252024408,1,Color: Natural,,,Grooming Deluxe Middle Brush Long,Horse Care > Grooming & Bathing > Brushes & Tools > Brushes & Combs,4,Eliot's Trailer,82138-05,Corro Trailer 1,,,20580,20580,20580,39990,0,0
Grooming,1778252024408,1,Color: Brown,,,Grooming Deluxe Middle Brush Long,Horse Care > Grooming & Bathing > Brushes & Tools > Brushes & Combs,3,Eliot's Trailer,82139-05,Corro Trailer 1,,,20580,20580,20580,39990,0,0
Rider,1778252234585,1,Color: Black,Size: 41/46,,Kentucky Horsewear Socks Set of 3,Rider > Accessories & Apparel > Socks,1,Eliot's Trailer,42705-01-41/46,Corro Trailer 1,,,30420,30420,30420,84990,0,0
Rider,1778252234585,1,Color: Navy,Size: 41/46,,Kentucky Horsewear Socks Set of 3,Rider > Accessories & Apparel > Socks,1,Eliot's Trailer,42705-03-41/46,Corro Trailer 1,,,30420,30420,30420,84990,0,0
Rider,1778252234585,1,Color: Navy,Size: 35/40,,Kentucky Horsewear Socks Set of 3,Rider > Accessories & Apparel > Socks,1,Eliot's Trailer,42705-03-35/40,Corro Trailer 1,,,30420,30420,30420,84990,0,0
Rider,1778252234585,1,Color: Black,Size: 35/40,,Kentucky Horsewear Socks Set of 3,Rider > Accessories & Apparel > Socks,1,Eliot's Trailer,42705-01-35/40,Corro Trailer 1,,,30420,30420,30420,84990,0,0
Horse Wear,1778252234587,1,Size: Oversized,Color: Black,,Kentucky Horsewear Wellington Ear Bonnet,Tack & Equipment > Ear Plugs & Bonnets > Bonnets,1,Eliot's Trailer,42608-01-L,Corro Trailer 1,,,52160,52160,52160,149990,0,0
Horse Wear,1778252234587,1,Size: Oversized,Color: Navy,,Kentucky Horsewear Wellington Ear Bonnet,Tack & Equipment > Ear Plugs & Bonnets > Bonnets,1,Eliot's Trailer,42608-33-L,Corro Trailer 1,,,52160,52160,52160,149990,0,0
Horse Wear,1778252234587,1,Size: Full,Color: Navy,,Kentucky Horsewear Wellington Ear Bonnet,Tack & Equipment > Ear Plugs & Bonnets > Bonnets,1,Eliot's Trailer,42608-33-F,Corro Trailer 1,,,52160,52160,52160,149990,0,0
Horse Wear,1778252234587,1,Size: Oversized,Color: Navy,,Kentucky Horsewear Wellington Soundless Ear Bonnet,Tack & Equipment > Ear Plugs & Bonnets > Bonnets,1,Eliot's Trailer,42609-33-L,Corro Trailer 1,,,56510,56510,56510,159990,0,0
Horse Wear,1778252234587,1,Size: Cob,Color: Navy,,Kentucky Horsewear Wellington Ear Bonnet,Tack & Equipment > Ear Plugs & Bonnets > Bonnets,1,Eliot's Trailer,42608-33-C,Corro Trailer 1,,,52160,52160,52160,149990,0,0
Horse Wear,1778252234587,1,Size: Cob,Color: Black,,Kentucky Horsewear Wellington Ear Bonnet,Tack & Equipment > Ear Plugs & Bonnets > Bonnets,1,Eliot's Trailer,42608-01-C,Corro Trailer 1,,,52160,52160,52160,149990,0,0
Horse Wear,1778252234587,1,Size: Cob,Color: Black,,Kentucky Horsewear Wellington Soundless Ear Bonnet,Tack & Equipment > Ear Plugs & Bonnets > Bonnets,1,Eliot's Trailer,42609-01-C,Corro Trailer 1,,,56510,56510,56510,159990,0,0
Horse Wear,1778252234587,1,Size: Cob,Color: Navy,,Kentucky Horsewear Wellington Soundless Ear Bonnet,Tack & Equipment > Ear Plugs & Bonnets > Bonnets,1,Eliot's Trailer,42609-33-C,Corro Trailer 1,,,56510,56510,56510,159990,0,0
Horse Wear,1778252234587,1,Size: Oversized,Color: Black,,Kentucky Horsewear Wellington Soundless Ear Bonnet,Tack & Equipment > Ear Plugs & Bonnets > Bonnets,1,Eliot's Trailer,42609-01-L,Corro Trailer 1,,,56510,56510,56510,159990,0,0
Treats / Toys,1778252144214,1,Type: Alvin,,,Kentucky Horsewear Relax Horse Toy,Horse Care > Treats & Toys > Toys & Licks,2,Eliot's Trailer,82155-25-ALVIN,Corro Trailer 1,,,34770,34770,34770,89990,0,0
Treats / Toys,1778252144214,1,Type: Sammy,,,Kentucky Horsewear Relax Horse Toy,Horse Care > Treats & Toys > Toys & Licks,2,Eliot's Trailer,82155-32-SAMMY,Corro Trailer 1,,,34770,34770,34770,89990,0,0
Tack,1778180207021,1,Size: 53 inches,,,Dy'on Premium Soft Leather Stirrup Leathers,Tack & Equipment > Stirrups & Leathers > Stirrup Leathers & Accessories,1,Eliot's Trailer,SA01BR135,Corro Trailer 1,,,66190,66190,66190,249990,0,0
Tack,1778180207021,1,Size: 57 inches,,,Dy'on Premium Soft Leather Stirrup Leathers,Tack & Equipment > Stirrups & Leathers > Stirrup Leathers & Accessories,1,Eliot's Trailer,SA01BR145,Corro Trailer 1,,,66190,66190,66190,249990,0,0
Tack,1778180207021,1,Color: Havana,Size: Full,,Dy'on Anatomic Flash Noseband with Chain,"Tack & Equipment > Bridles, Headstalls & Reins > English Bridles & Reins > Bridle Accessories",1,Eliot's Trailer,DY043BRF,Corro Trailer 1,,,79730,79730,79730,294990,0,0
First Aid,1778252086689,1,Title: Default Title,,,Horseware Ireland LED Red Light Therapy Wand,Horse Care > Equine Therapy > Light Therapy,5,Eliot's Trailer,TLHAT1-KK00-EA,Corro Trailer 1,,,150150,150150,150150,329950,0,0
Rider,1778252234585,1,Size: Medium,Color: Damson,,LeMieux Britney Seamless Long Sleeve Top,Rider > Accessories & Apparel > Shirts,1,Eliot's Trailer,IT07485004,Corro Trailer 1,,,37350,37350,37350,49990,0,0
Rider,1778252234585,1,Size: X-Small,Color: Damson,,LeMieux Britney Seamless Long Sleeve Top,Rider > Accessories & Apparel > Shirts,1,Eliot's Trailer,IT07485002,Corro Trailer 1,,,37350,37350,37350,49990,0,0
Rider,1778252234585,1,Size: Large,Color: Damson,,LeMieux Britney Seamless Long Sleeve Top,Rider > Accessories & Apparel > Shirts,1,Eliot's Trailer,IT07485005,Corro Trailer 1,,,37350,37350,37350,49990,0,0
Rider,1778252234585,1,Size: Small,Color: Damson,,LeMieux Britney Seamless Long Sleeve Top,Rider > Accessories & Apparel > Shirts,1,Eliot's Trailer,IT07485003,Corro Trailer 1,,,37350,37350,37350,49990,0,0
Rider,1778252234585,1,Size: Large,Color: Dark Brown,,Yagya Lightweight Long Sleeve,Rider > Accessories & Apparel > Shirts,1,Eliot's Trailer,1000000001148,Corro Trailer 1,,,55000,55000,55000,160000,0,0
Rider,1778252234585,1,Size: Large,Color: White/White,,Yagya Timeless Show Shirt,Rider > Accessories & Apparel > Shirts,1,Eliot's Trailer,1000000001304,Corro Trailer 1,,,80000,80000,80000,230000,0,0
Rider,1778252234585,1,Size: Small,Color: White/White,,Yagya Timeless Show Shirt,Rider > Accessories & Apparel > Shirts,1,Eliot's Trailer,1000000001302,Corro Trailer 1,,,80000,80000,80000,230000,0,0
Rider,1778252234585,1,Size: Medium,Color: White/White,,Yagya Timeless Show Shirt,Rider > Accessories & Apparel > Shirts,1,Eliot's Trailer,1000000001303,Corro Trailer 1,,,80000,80000,80000,230000,0,0
Rider,1778252234585,1,Size: XS,Color: White/White,,Yagya Timeless Show Shirt,Rider > Accessories & Apparel > Shirts,1,Eliot's Trailer,1000000001301,Corro Trailer 1,,,80000,80000,80000,230000,0,0
Tack,1778180207021,1,Size: 135mm,,,AJR Sport Hard Rubber Mullen Baby Pelham Bit,Tack & Equipment > Bits > English Bits,1,Eliot's Trailer,PHRMB1113,Corro Trailer 1,,,71500,71500,71500,130000,0,0
Tack,1778180207021,1,Size: 135 mm,,,AJR Sport Hard Rubber Port D Bit,Tack & Equipment > Bits > English Bits,1,Eliot's Trailer,DHRP5026,Corro Trailer 1,,,0,0,0,130000,0,0
Tack,1778180207021,1,Size: 135 mm,,,AJR Sport Hard Rubber Port Kimberwick Bit,Tack & Equipment > Bits > English Bits,1,Eliot's Trailer,KHRP1405,Corro Trailer 1,,,122000,122000,122000,167000,0,0
Tack,1778180207021,1,Size: 135mm,,,AJR Sport Hard Rubber Mullen Full Cheek Bit,Tack & Equipment > Bits > English Bits,1,Eliot's Trailer,FCHRM3071,Corro Trailer 1,,,71500,71500,71500,130000,0,0
Tack,1778180207021,1,Size: 135mm,,,AJR Sport Hard Rubber Mullen D Bit,Tack & Equipment > Bits > English Bits,1,Eliot's Trailer,DHRM5071,Corro Trailer 1,,,71500,71500,71500,130000,0,0
Tack,1778180207021,1,Size: 135mm,,,AJR Sport Hard Rubber Mullen Kimberwick Bit,Tack & Equipment > Bits > English Bits,1,Eliot's Trailer,KHRM1112,Corro Trailer 1,,,71500,71500,71500,130000,0,0
Tack,1778180207021,1,Size: 135 mm,,,AJR Sport Hard Rubber Port Full Cheek Bit,Tack & Equipment > Bits > English Bits,1,Eliot's Trailer,FCHRP3072,Corro Trailer 1,,,74250,74250,74250,135000,0,0
Tack,1778180207021,1,Size: 135mm,,,AJR Sport Hard Rubber Mullen Pelham,Tack & Equipment > Bits > English Bits,1,Eliot's Trailer,PHRM1112,Corro Trailer 1,,,71500,71500,71500,130000,0,0
Rider,1778252234585,1,Size: 35mm,,,AJR Sport Block End Stainless Steel Spur,Tack & Equipment > Spurs & Straps > English Spurs,1,Eliot's Trailer,SPBE35,Corro Trailer 1,,,43500,43500,43500,75000,0,0
Rider,1778252234585,1,Size: 35mm,,,AJR Sport Matte Black Square End Spur (Block Design),Tack & Equipment > Spurs & Straps > English Spurs,1,Eliot's Trailer,SPMBS35,Corro Trailer 1,,,49500,49500,49500,90000,0,0
Rider,1778252234585,1,Size: 35mm,,,AJR Sport Matte Black Round End Spur,Tack & Equipment > Spurs & Straps > English Spurs,1,Eliot's Trailer,SPMBE35,Corro Trailer 1,,,46750,46750,46750,85000,0,0
Rider,1778252234585,1,Size: 35 mm,,,AJR Sport Matte Black Prince of Wales Spur,Tack & Equipment > Spurs & Straps > English Spurs,1,Eliot's Trailer,SPMBP35,Corro Trailer 1,,,41250,41250,41250,75000,0,0
Rider,1778252234585,1,Size: 25mm,,,AJR Sport Rubber Grip Round End Spur,Tack & Equipment > Spurs & Straps > English Spurs,1,Eliot's Trailer,SPRG25,Corro Trailer 1,,,46400,46400,46400,80000,0,0
Rider,1778252234585,1,Size: 25mm,,,AJR Sport Matte Black Round End Spur,Tack & Equipment > Spurs & Straps > English Spurs,1,Eliot's Trailer,SPMBE25,Corro Trailer 1,,,46750,46750,46750,85000,0,0
Rider,1778252234585,1,Size: 35mm,,,AJR Sport Rubber Grip Round End Spur,Tack & Equipment > Spurs & Straps > English Spurs,1,Eliot's Trailer,SPRG35,Corro Trailer 1,,,46400,46400,46400,80000,0,0
Rider,1778252234585,1,Size: 35mm,,,AJR Sport Hammerhead Thick Spur,Tack & Equipment > Spurs & Straps > English Spurs,1,Eliot's Trailer,SPHT35,Corro Trailer 1,,,43500,43500,43500,75000,0,0
Rider,1778252234585,1,Size: 25mm,,,AJR Sport Hammerhead Thin Spur,Tack & Equipment > Spurs & Straps > English Spurs,1,Eliot's Trailer,SPTHIN25,Corro Trailer 1,,,43500,43500,43500,75000,0,0
Rider,1778252234585,1,Size: 15mm,,,AJR Sport Block End Stainless Steel Spur,Tack & Equipment > Spurs & Straps > English Spurs,1,Eliot's Trailer,SPBE15,Corro Trailer 1,,,43500,43500,43500,75000,0,0
Rider,1778252234585,1,Size: 15 mm,,,AJR Sport Matte Black Prince of Wales Spur,Tack & Equipment > Spurs & Straps > English Spurs,1,Eliot's Trailer,SPMBP15,Corro Trailer 1,,,41250,41250,41250,75000,0,0
Rider,1778252234585,1,Size: 25mm,,,AJR Sport Block End Stainless Steel Spur,Tack & Equipment > Spurs & Straps > English Spurs,1,Eliot's Trailer,SPBE25,Corro Trailer 1,,,43500,43500,43500,75000,0,0
Rider,1778252234585,1,Size: 15mm,,,AJR Sport Hammerhead Thin Spur,Tack & Equipment > Spurs & Straps > English Spurs,1,Eliot's Trailer,SPTHIN15,Corro Trailer 1,,,43500,43500,43500,75000,0,0
Rider,1778252234585,1,Size: 25mm,,,AJR Sport Matte Black Square End Spur (Block Design),Tack & Equipment > Spurs & Straps > English Spurs,1,Eliot's Trailer,SPMBS25,Corro Trailer 1,,,49500,49500,49500,90000,0,0
Rider,1778252234585,1,Size: 15mm,,,AJR Sport Rubber Covered Block Spur,Tack & Equipment > Spurs & Straps > English Spurs,1,Eliot's Trailer,SPRCB15,Corro Trailer 1,,,50460,50460,50460,87000,0,0
Rider,1778252234585,1,Size: 35mm,,,AJR Sport Hammerhead Thin Spur,Tack & Equipment > Spurs & Straps > English Spurs,1,Eliot's Trailer,SPTHIN35,Corro Trailer 1,,,43500,43500,43500,75000,0,0
Rider,1778252234585,1,Size: 15mm,,,AJR Sport Hammerhead Thick Spur,Tack & Equipment > Spurs & Straps > English Spurs,1,Eliot's Trailer,SPHT15,Corro Trailer 1,,,43500,43500,43500,75000,0,0
Rider,1778252234585,1,Size: 15mm,,,AJR Sport Matte Black Square End Spur (Block Design),Tack & Equipment > Spurs & Straps > English Spurs,1,Eliot's Trailer,SPMBS15,Corro Trailer 1,,,49500,49500,49500,90000,0,0
Rider,1778252234585,1,Size: 25 mm,,,AJR Sport Matte Black Prince of Wales Spur,Tack & Equipment > Spurs & Straps > English Spurs,1,Eliot's Trailer,SPMBP25,Corro Trailer 1,,,41250,41250,41250,75000,0,0
Rider,1778252234585,1,Size: 35mm,,,AJR Sport Rubber Covered Block Spur,Tack & Equipment > Spurs & Straps > English Spurs,1,Eliot's Trailer,SPRCB35,Corro Trailer 1,,,50460,50460,50460,87000,0,0
Rider,1778252234585,1,Size: 15mm,,,AJR Sport Matte Black Round End Spur,Tack & Equipment > Spurs & Straps > English Spurs,1,Eliot's Trailer,SPMBE15,Corro Trailer 1,,,46750,46750,46750,85000,0,0
Rider,1778252234585,1,Size: 30mm,,,AJR Sport UFO Spur,Tack & Equipment > Spurs & Straps > English Spurs,1,Eliot's Trailer,SPUFO30,Corro Trailer 1,,,46400,46400,46400,80000,0,0
Rider,1778252234585,1,Size: 25mm,,,AJR Sport Smooth Rowel Spur Vertical,Tack & Equipment > Spurs & Straps > English Spurs,1,Eliot's Trailer,SPSRSV25,Corro Trailer 1,,,46400,46400,46400,80000,0,0
Rider,1778252234585,1,SIze: 35mm,,,AJR Sport Stainless Steel Roller Ball Vertical Spur,Tack & Equipment > Spurs & Straps > English Spurs,1,Eliot's Trailer,SPRBV35,Corro Trailer 1,,,37700,37700,37700,65000,0,0
Rider,1778252234585,1,Size: 35mm,,,AJR Sport TeffleX Horizontal Roller Spur,Tack & Equipment > Spurs & Straps > English Spurs,1,Eliot's Trailer,SPTH35,Corro Trailer 1,,,50460,50460,50460,87000,0,0
Rider,1778252234585,1,SIze: 30mm,,,AJR Sport Stainless Steel Roller Ball Vertical Spur,Tack & Equipment > Spurs & Straps > English Spurs,1,Eliot's Trailer,SPRBV30,Corro Trailer 1,,,37700,37700,37700,65000,0,0
Rider,1778252234585,1,Size: 35mm,,,AJR Sport UFO Spur,Tack & Equipment > Spurs & Straps > English Spurs,1,Eliot's Trailer,SPUFO35,Corro Trailer 1,,,46400,46400,46400,80000,0,0
Rider,1778252234585,1,Size: 35mm,,,AJR Sport Smooth Rowel Spur Vertical,Tack & Equipment > Spurs & Straps > English Spurs,1,Eliot's Trailer,SPSRSV35,Corro Trailer 1,,,46400,46400,46400,80000,0,0
Rider,1778252234585,1,SIze: 25mm,,,AJR Sport Stainless Steel Roller Ball Vertical Spur,Tack & Equipment > Spurs & Straps > English Spurs,1,Eliot's Trailer,SPRBV25,Corro Trailer 1,,,37700,37700,37700,65000,0,0
Rider,1778252234585,1,Size: 35mm,,,AJR Sport Stainless Steel Roller Ball Horizontal Spur,Tack & Equipment > Spurs & Straps > English Spurs,1,Eliot's Trailer,SPRBH035,Corro Trailer 1,,,37700,37700,37700,65000,0,0
Rider,1778252234585,1,Size: 30mm,,,AJR Sport Stainless Steel Roller Ball Horizontal Spur,Tack & Equipment > Spurs & Straps > English Spurs,1,Eliot's Trailer,SPRBH30,Corro Trailer 1,,,37700,37700,37700,65000,0,0
Rider,1778252234585,1,Size: 30mm,,,AJR Sport Smooth Rowel Spur Vertical,Tack & Equipment > Spurs & Straps > English Spurs,1,Eliot's Trailer,SPSRSV30,Corro Trailer 1,,,46400,46400,46400,80000,0,0
Rider,1778252234585,1,Size: 25mm,,,AJR Sport Smooth Rowel Horizontal Spur,Tack & Equipment > Spurs & Straps > English Spurs,1,Eliot's Trailer,SPRH25,Corro Trailer 1,,,46400,46400,46400,80000,0,0
Rider,1778252234585,1,Size: 35mm,,,AJR Sport Smooth Rowel Horizontal Spur,Tack & Equipment > Spurs & Straps > English Spurs,1,Eliot's Trailer,SPRH35,Corro Trailer 1,,,46400,46400,46400,80000,0,0
Rider,1778252234585,1,Size: 30mm,,,AJR Sport TeffleX Vertical Roller Spur,Tack & Equipment > Spurs & Straps > English Spurs,1,Eliot's Trailer,SPTV30,Corro Trailer 1,,,50460,50460,50460,87000,0,0
Rider,1778252234585,1,Size: 30mm,,,AJR Sport Smooth Rowel Horizontal Spur,Tack & Equipment > Spurs & Straps > English Spurs,1,Eliot's Trailer,SPRH30,Corro Trailer 1,,,46400,46400,46400,80000,0,0
Rider,1778252234585,1,Size: 35mm,,,AJR Sport Stainless Steel Square End Spur (Block Design),Tack & Equipment > Spurs & Straps > English Spurs,1,Eliot's Trailer,SPSSE35,Corro Trailer 1,,,49300,49300,49300,85000,0,0
Rider,1778252234585,1,Size: 25mm,,,AJR Sport TeffleX Horizontal Roller Spur,Tack & Equipment > Spurs & Straps > English Spurs,1,Eliot's Trailer,SPTH25,Corro Trailer 1,,,50460,50460,50460,87000,0,0
Rider,1778252234585,1,Size: 25mm,,,AJR Sport Stainless Steel Square End Spur (Block Design),Tack & Equipment > Spurs & Straps > English Spurs,1,Eliot's Trailer,SPSSE25,Corro Trailer 1,,,49300,49300,49300,85000,0,0
Rider,1778252234585,1,Size: 15mm,,,AJR Sport Stainless Steel Square End Spur (Block Design),Tack & Equipment > Spurs & Straps > English Spurs,1,Eliot's Trailer,SPSSE15,Corro Trailer 1,,,49300,49300,49300,85000,0,0
Rider,1778252234585,1,Size: 25mm,,,AJR Sport UFO Spur,Tack & Equipment > Spurs & Straps > English Spurs,1,Eliot's Trailer,SPUFO25,Corro Trailer 1,,,46400,46400,46400,80000,0,0
Tack,1778180207021,1,Color: Brown,Size: Cob,,"AJR Sport 4/8"" Flat Curb Rein - Jumper Collection","Tack & Equipment > Bridles, Headstalls & Reins > English Bridles & Reins > Reins",1,Eliot's Trailer,REIN-003-C,Corro Trailer 1,,,71340,71340,71340,123000,0,0
Tack,1778180207021,1,Color: Brown,Size: Full,,"AJR Sport 4/8"" Flat Curb Rein - Jumper Collection","Tack & Equipment > Bridles, Headstalls & Reins > English Bridles & Reins > Reins",1,Eliot's Trailer,REIN-003-F,Corro Trailer 1,,,71340,71340,71340,123000,0,0
Tack,1778180207021,1,Color: Brown,"Size: 135/53""",,AJR Sport Stirrup Leathers,Tack & Equipment > Stirrups & Leathers > Stirrup Leathers & Accessories,2,Eliot's Trailer,STIR-58- 135,Corro Trailer 1,,,124410,124410,124410,214500,0,0
Tack,1778180207021,1,Size: Cob,Color: Brown,,"AJR Sport 5/8"" Leather Rein with Inner Rubber Strip & Leather Grips - Jumper Collection","Tack & Equipment > Bridles, Headstalls & Reins > English Bridles & Reins > Reins",1,Eliot's Trailer,REIN-005-C,Corro Trailer 1,,,84970,84970,84970,146500,0,0
Tack,1778180207021,1,Color: Brown,Size: Cob,,AJR Sport Fancy Raised Laced Leather Rein - Hunter Collection,"Tack & Equipment > Bridles, Headstalls & Reins > English Bridles & Reins > Reins",1,Eliot's Trailer,REIN-009-C,Corro Trailer 1,,,107880,107880,107880,186000,0,0
Tack,1778180207021,1,Size: Full,Color: Brown,,"AJR Sport 5/8"" Leather Rein with Inner Rubber Strip & Leather Grips - Jumper Collection","Tack & Equipment > Bridles, Headstalls & Reins > English Bridles & Reins > Reins",1,Eliot's Trailer,REIN-005-F,Corro Trailer 1,,,84970,84970,84970,146500,0,0
Tack,1778180207021,1,Color: Brown,Size: Full,,AJR Sport Fancy Raised Laced Leather Rein - Hunter Collection,"Tack & Equipment > Bridles, Headstalls & Reins > English Bridles & Reins > Reins",1,Eliot's Trailer,REIN-009-F,Corro Trailer 1,,,107880,107880,107880,186000,0,0
Tack,1778180207021,1,Color: Brown,"Size: 145/57""",,AJR Sport Stirrup Leathers,Tack & Equipment > Stirrups & Leathers > Stirrup Leathers & Accessories,2,Eliot's Trailer,STIR-58- 145,Corro Trailer 1,,,124410,124410,124410,214500,0,0
Tack,1778180207021,1,Color: Brown,"Size: 125/49""",,AJR Sport Stirrup Leathers,Tack & Equipment > Stirrups & Leathers > Stirrup Leathers & Accessories,2,Eliot's Trailer,STIR-58- 125,Corro Trailer 1,,,124410,124410,124410,214500,0,0
Tack,1778180207021,1,Color: Brown,Size: Cob,,"AJR Sport 5/8"" Normal Rubber Reins - Jumper Collection","Tack & Equipment > Bridles, Headstalls & Reins > English Bridles & Reins > Reins",1,Eliot's Trailer,REIN-011-C,Corro Trailer 1,,,105850,105850,105850,182500,0,0
Tack,1778180207021,1,Color: Brown,Size: Full,,AJR Sport Padded Drop Noseband - Jumper Collection,"Tack & Equipment > Bridles, Headstalls & Reins > English Bridles & Reins > Bridle Accessories",1,Eliot's Trailer,NSBD-035-F,Corro Trailer 1,,,73370,73370,73370,126500,0,0
Tack,1778180207021,1,Color: Brown,Size: Full,,AJR Sport Mexican Noseband without Rings - Jumper Collection,"Tack & Equipment > Bridles, Headstalls & Reins > English Bridles & Reins > Bridle Accessories",1,Eliot's Trailer,NSBD-036-F,Corro Trailer 1,,,95700,95700,95700,165000,0,0
Tack,1778180207021,1,Size: Full,Color: Brown,,AJR Sport Leather Covered Rope Double Noseband - Jumper Collection,"Tack & Equipment > Bridles, Headstalls & Reins > English Bridles & Reins > Bridle Accessories",1,Eliot's Trailer,NSBD-031-F,Corro Trailer 1,,,126440,126440,126440,218000,0,0
Tack,1778180207021,1,Size: Cob,Color: Brown,,AJR Sport Leather Covered Rope Double Noseband - Jumper Collection,"Tack & Equipment > Bridles, Headstalls & Reins > English Bridles & Reins > Bridle Accessories",0,Eliot's Trailer,NSBD-031-C,Corro Trailer 1,,,126440,126440,126440,218000,0,0
Tack,1778180207021,1,Color: Brown,Size: Cob,,AJR Sport Mexican Noseband without Rings - Jumper Collection,"Tack & Equipment > Bridles, Headstalls & Reins > English Bridles & Reins > Bridle Accessories",1,Eliot's Trailer,NSBD-036-C,Corro Trailer 1,,,95700,95700,95700,165000,0,0
Tack,1778180207021,1,Color: Brown,Size: Full,,"AJR Sport 5/8"" Softy Leather Rein Jumper Collection","Tack & Equipment > Bridles, Headstalls & Reins > English Bridles & Reins > Reins",1,Eliot's Trailer,REIN-061-F,Corro Trailer 1,,,139200,139200,139200,240000,0,0
Tack,1778180207021,1,Color: Brown,Size: Cob,,AJR Sport Hackamore Headpiece with Throat Latch - Jumper Collection,"Tack & Equipment > Bridles, Headstalls & Reins > English Bridles & Reins > Bridle Accessories",1,Eliot's Trailer,ATT-066-C,Corro Trailer 1,,,101500,101500,101500,175000,0,0
Tack,1778180207021,1,Color: Brown,Size: Cob,,AJR Sport 5/8 Softy Leather Rein with Leather Grip - Jumper Collection,"Tack & Equipment > Bridles, Headstalls & Reins > English Bridles & Reins > Reins",1,Eliot's Trailer,REIN-059-C,Corro Trailer 1,,,142100,142100,142100,245000,0,0
Tack,1778180207021,1,Color: Brown,Size: Full,,AJR Sport Hackamore Headpiece with Throat Latch - Jumper Collection,"Tack & Equipment > Bridles, Headstalls & Reins > English Bridles & Reins > Bridle Accessories",1,Eliot's Trailer,ATT-066-F,Corro Trailer 1,,,101500,101500,101500,175000,0,0
Tack,1778180207021,1,Color: Brown,Size: Full,,AJR Sport 5/8 Softy Leather Rein with Leather Grip - Jumper Collection,"Tack & Equipment > Bridles, Headstalls & Reins > English Bridles & Reins > Reins",1,Eliot's Trailer,REIN-059-F,Corro Trailer 1,,,142100,142100,142100,245000,0,0
Tack,1778180207021,1,Color: Brown,Size: Cob,,"AJR Sport 5/8"" Softy Leather Rein Jumper Collection","Tack & Equipment > Bridles, Headstalls & Reins > English Bridles & Reins > Reins",1,Eliot's Trailer,REIN-061-C,Corro Trailer 1,,,139200,139200,139200,240000,0,0
Tack,1778180207021,1,Color: Brown,Size: Full,,"AJR Sport 1"" Web Rein, Raised, with Stopper and Leather Grip - Jumper Collection","Tack & Equipment > Bridles, Headstalls & Reins > English Bridles & Reins > Reins",1,Eliot's Trailer,REIN-060-F,Corro Trailer 1,,,99760,99760,99760,172000,0,0
Tack,1778180207021,1,Color: Brown,Size: Full,,AJR Sport Hybrid Padded Noseband - Jumper Collection,"Tack & Equipment > Bridles, Headstalls & Reins > English Bridles & Reins > Bridle Accessories",1,Eliot's Trailer,NSBD-065F,Corro Trailer 1,,,144420,144420,144420,249000,0,0
Tack,1778180207021,1,Color: Brown,Size: Cob,,AJR Sport Hybrid Padded Noseband - Jumper Collection,"Tack & Equipment > Bridles, Headstalls & Reins > English Bridles & Reins > Bridle Accessories",1,Eliot's Trailer,NSBD-065C,Corro Trailer 1,,,144420,144420,144420,249000,0,0
Rider,1778252234585,1,Color: Beige,Size: 46,,Equiline Ernaek-W Women's High-Waist Knee Grip Breeches in Standard Weight B-Move,Rider > Accessories & Apparel > Breeches,1,Eliot's Trailer,EC900-N09148W-005-48,Corro Trailer 1,,,195000,195000,195000,389000,0,0
Rider,1778252234585,1,Color: Beige,Size: 40,,Equiline Ernaek-W Women's High-Waist Knee Grip Breeches in Standard Weight B-Move,Rider > Accessories & Apparel > Breeches,1,Eliot's Trailer,EC900-N09148W-005-40,Corro Trailer 1,,,195000,195000,195000,389000,0,0
Rider,1778252234585,1,Color: Beige,Size: 44,,Equiline Ernaek-W Women's High-Waist Knee Grip Breeches in Standard Weight B-Move,Rider > Accessories & Apparel > Breeches,1,Eliot's Trailer,EC900-N09148W-005-44,Corro Trailer 1,,,195000,195000,195000,389000,0,0
Rider,1778252234585,1,Color: Beige,Size: 50,,Equiline Grafton B-MOVE - Men's Knee Patch Riding Breeches in B-Move Fabric,Rider > Accessories & Apparel > Breeches,1,Eliot's Trailer,EC018-N08200-005-50,Corro Trailer 1,,,190000,190000,190000,379000,0,0
Rider,1778252234585,1,Color: Beige,Size: 46,,Equiline Grafton B-MOVE - Men's Knee Patch Riding Breeches in B-Move Fabric,Rider > Accessories & Apparel > Breeches,1,Eliot's Trailer,EC018-N08200-005-46,Corro Trailer 1,,,190000,190000,190000,379000,0,0
Rider,1778252234585,1,Color: Beige,Size: 52,,Equiline Grafton B-MOVE - Men's Knee Patch Riding Breeches in B-Move Fabric,Rider > Accessories & Apparel > Breeches,1,Eliot's Trailer,EC018-N08200-005-52,Corro Trailer 1,,,190000,190000,190000,379000,0,0
Rider,1778252234585,1,Color: Beige,Size: 48,,Equiline Grafton B-MOVE - Men's Knee Patch Riding Breeches in B-Move Fabric,Rider > Accessories & Apparel > Breeches,1,Eliot's Trailer,EC018-N08200-005-48,Corro Trailer 1,,,190000,190000,190000,379000,0,0
Rider,1778252234585,1,Color: Beige,Size: 54,,Equiline Grafton B-MOVE - Men's Knee Patch Riding Breeches in B-Move Fabric,Rider > Accessories & Apparel > Breeches,1,Eliot's Trailer,EC018-N08200-005-54,Corro Trailer 1,,,190000,190000,190000,379000,0,0
Rider,1778252234585,1,Color: White,Size: XS,,Equiline Lily - Women's Show Shirt in Technical Fabric,Rider > Accessories & Apparel > Shirts,1,Eliot's Trailer,EC018-H00702-001-XS,Corro Trailer 1,,,107000,107000,107000,215000,0,0
Rider,1778252234585,1,Color: White,Size: M,,Equiline Lily - Women's Show Shirt in Technical Fabric,Rider > Accessories & Apparel > Shirts,2,Eliot's Trailer,EC018-H00702-001-M,Corro Trailer 1,,,107000,107000,107000,215000,0,0
Rider,1778252234585,1,Color: White,Size: S,,Equiline Lily - Women's Show Shirt in Technical Fabric,Rider > Accessories & Apparel > Shirts,1,Eliot's Trailer,EC018-H00702-001-S,Corro Trailer 1,,,107000,107000,107000,215000,0,0
First Aid,1778252086689,1,Size: 6.7 ounces,,,Corro Mud Fever Foam Cleanser,Horse Care > First Aid & Wellness > Wound Care & Topicals,4,Eliot's Trailer,MUDF6.7,Corro Trailer 1,,,16000,16000,16000,44990,0,27
Tack,1778180207021,1,Size: 135mm,,,AJR Sport Single Jointed Golden Ease Pelham Bit,Tack & Equipment > Bits > English Bits,1,Eliot's Trailer,PSJGE1138,Corro Trailer 1,,,72500,72500,72500,125000,0,0
Tack,1778180207021,1,Size: 135mm,,,AJR Sport Double Jointed Golden Ease Pelham Bit,Tack & Equipment > Bits > English Bits,1,Eliot's Trailer,PDJGE1129,Corro Trailer 1,,,78300,78300,78300,135000,0,0
Tack,1778180207021,1,Size: 135mm,,,AJR Sport Double Jointed Golden Ease D Bit,Tack & Equipment > Bits > English Bits,1,Eliot's Trailer,DDJGE5081,Corro Trailer 1,,,63800,63800,63800,110000,0,0
Rider,1778252234585,1,Color: Ivory,Size: XS,,Solid Citizen Coco Cap-sleeve Equestrian Show Shirt,Rider > Accessories & Apparel > Shirts,0,Eliot's Trailer,SolidCitizenCocoCapSleeveEquestrianShowShirt-Ivory-XS,Corro Trailer 1,,,0,0,0,150000,0,0
Rider,1778252234585,1,Color: Ivory,Size: M,,Solid Citizen Coco Cap-sleeve Equestrian Show Shirt,Rider > Accessories & Apparel > Shirts,1,Eliot's Trailer,SolidCitizenCocoCapSleeveEquestrianShowShirt-Ivory-M,Corro Trailer 1,,,0,0,0,150000,0,0
Rider,1778252234585,1,Color: Ivory,Size: S,,Solid Citizen Coco Cap-sleeve Equestrian Show Shirt,Rider > Accessories & Apparel > Shirts,0,Eliot's Trailer,SolidCitizenCocoCapSleeveEquestrianShowShirt-Ivory-S,Corro Trailer 1,,,0,0,0,150000,0,0
Rider,1778252234585,1,Color: Espresso,Size: S,,Solid Citizen Haley UV Riding Base-layer Turtleneck Sun-shirt,Rider > Accessories & Apparel > Shirts,1,Eliot's Trailer,SolidCitizenHaleyUvRidingBaseLayerTurtleneckSunShirt-Espresso-S,Corro Trailer 1,,,0,0,0,130000,0,0
Rider,1778252234585,1,Color: Espresso,Size: L,,Solid Citizen Haley UV Riding Base-layer Turtleneck Sun-shirt,Rider > Accessories & Apparel > Shirts,1,Eliot's Trailer,SolidCitizenHaleyUvRidingBaseLayerTurtleneckSunShirt-Espresso-L,Corro Trailer 1,,,0,0,0,130000,0,0
Rider,1778252234585,1,Color: Espresso,Size: M,,Solid Citizen Haley UV Riding Base-layer Turtleneck Sun-shirt,Rider > Accessories & Apparel > Shirts,1,Eliot's Trailer,SolidCitizenHaleyUvRidingBaseLayerTurtleneckSunShirt-Espresso-M,Corro Trailer 1,,,0,0,0,130000,0,0
Rider,1778252234585,1,Color: Espresso,Size: XS,,Solid Citizen Haley UV Riding Base-layer Turtleneck Sun-shirt,Rider > Accessories & Apparel > Shirts,2,Eliot's Trailer,SolidCitizenHaleyUvRidingBaseLayerTurtleneckSunShirt-Espresso-XS,Corro Trailer 1,,,0,0,0,130000,0,0
Rider,1778252234585,1,Color: Stone,Size: M,,Solid Citizen Haley UV Riding Base-layer Turtleneck Sun-shirt,Rider > Accessories & Apparel > Shirts,1,Eliot's Trailer,SolidCitizenHaleyUvRidingBaseLayerTurtleneckSunShirt-Stone-M,Corro Trailer 1,,,0,0,0,130000,0,0
Rider,1778252234585,1,Color: Stone,Size: XS,,Solid Citizen Haley UV Riding Base-layer Turtleneck Sun-shirt,Rider > Accessories & Apparel > Shirts,2,Eliot's Trailer,SolidCitizenHaleyUvRidingBaseLayerTurtleneckSunShirt-Stone-XS,Corro Trailer 1,,,0,0,0,130000,0,0
Rider,1778252234585,1,Color: Stone,Size: L,,Solid Citizen Haley UV Riding Base-layer Turtleneck Sun-shirt,Rider > Accessories & Apparel > Shirts,1,Eliot's Trailer,SolidCitizenHaleyUvRidingBaseLayerTurtleneckSunShirt-Stone-L,Corro Trailer 1,,,0,0,0,130000,0,0
Rider,1778252234585,1,Color: Navy,Size: XS,,Solid Citizen Isabel 2.0 Long-sleeve Equestrian Show Shirt,Rider > Accessories & Apparel > Shirts,2,Eliot's Trailer,SolidCitizenIsabel20LongSleeveEquestrianShowShirt-Navy-XS,Corro Trailer 1,,,0,0,0,140000,0,0
Rider,1778252234585,1,Color: Navy,Size: L,,Solid Citizen Isabel 2.0 Long-sleeve Equestrian Show Shirt,Rider > Accessories & Apparel > Shirts,1,Eliot's Trailer,SolidCitizenIsabel20LongSleeveEquestrianShowShirt-Navy-L,Corro Trailer 1,,,0,0,0,140000,0,0
Rider,1778252234585,1,Color: Navy,Size: S,,Solid Citizen Isabel 2.0 Long-sleeve Equestrian Show Shirt,Rider > Accessories & Apparel > Shirts,2,Eliot's Trailer,SolidCitizenIsabel20LongSleeveEquestrianShowShirt-Navy-S,Corro Trailer 1,,,0,0,0,140000,0,0
Rider,1778252234585,1,Color: Cinnamon,Size: M,,Solid Citizen Jessica II Gingham Equestrian Button-Down Shirt,Rider > Accessories & Apparel > Shirts,1,Eliot's Trailer,SolidCitizenJessicaIiGinghamEquestrianButtonDownShirt-Cinnamon-M,Corro Trailer 1,,,0,0,0,145000,0,0
Rider,1778252234585,1,Color: Cinnamon,Size: L,,Solid Citizen Jessica II Gingham Equestrian Button-Down Shirt,Rider > Accessories & Apparel > Shirts,1,Eliot's Trailer,SolidCitizenJessicaIiGinghamEquestrianButtonDownShirt-Cinnamon-L,Corro Trailer 1,,,0,0,0,145000,0,0
Rider,1778252234585,1,Color: Cinnamon,Size: XS,,Solid Citizen Jessica II Gingham Equestrian Button-Down Shirt,Rider > Accessories & Apparel > Shirts,2,Eliot's Trailer,SolidCitizenJessicaIiGinghamEquestrianButtonDownShirt-Cinnamon-XS,Corro Trailer 1,,,0,0,0,145000,0,0
Rider,1778252234585,1,Color: Brown,Size: L,,Solid Citizen Parker Cropped Equestrian Sweater,Rider > Accessories & Apparel > Jackets,1,Eliot's Trailer,SolidCitizenParkerCroppedEquestrianSweater-Brown-L,Corro Trailer 1,,,0,0,0,388000,0,0
Rider,1778252234585,1,Color: Navy,Size: M,,Solid Citizen Isabel 2.0 Long-sleeve Equestrian Show Shirt,Rider > Accessories & Apparel > Shirts,1,Eliot's Trailer,SolidCitizenIsabel20LongSleeveEquestrianShowShirt-Navy-M,Corro Trailer 1,,,0,0,0,140000,0,0
Rider,1778252234585,1,Size: Large,Color: Slate Blue,,Yagya Lightweight Long Sleeve,Rider > Accessories & Apparel > Shirts,1,Eliot's Trailer,1000000001191,Corro Trailer 1,,,55000,55000,55000,160000,0,0
Rider,1778252234585,1,Color: Hunter Green,Size: Large,,Yagya Performance Show Jacket,Rider > Accessories & Apparel > Jackets,1,Eliot's Trailer,1000000001282,Corro Trailer 1,,,250000,250000,250000,580000,0,0
Rider,1778252234585,1,Color: Hunter Green,Size: Medium,,Yagya Performance Show Jacket,Rider > Accessories & Apparel > Jackets,1,Eliot's Trailer,1000000001281,Corro Trailer 1,,,250000,250000,250000,580000,0,0
Rider,1778252234585,1,Color: Slate Blue,Size: Small,,Yagya Performance Show Jacket,Rider > Accessories & Apparel > Jackets,1,Eliot's Trailer,1000000001266,Corro Trailer 1,,,250000,250000,250000,580000,0,0
Rider,1778252234585,1,Color: Slate Blue,Size: Medium,,Yagya Performance Show Jacket,Rider > Accessories & Apparel > Jackets,1,Eliot's Trailer,1000000001267,Corro Trailer 1,,,250000,250000,250000,580000,0,0
Rider,1778252234585,1,Color: Slate Blue,Size: XS,,Yagya Performance Show Jacket,Rider > Accessories & Apparel > Jackets,1,Eliot's Trailer,1000000001265,Corro Trailer 1,,,250000,250000,250000,580000,0,0
Rider,1778252234585,1,Color: Slate Blue,Size: Large,,Yagya Performance Show Jacket,Rider > Accessories & Apparel > Jackets,1,Eliot's Trailer,1000000001268,Corro Trailer 1,,,250000,250000,250000,580000,0,0
Rider,1778252234585,1,Size: S,,,Equiline Isabel - Women's Show Shirt in Technical Fabric,Rider > Accessories & Apparel > Shirts,1,Eliot's Trailer,EC018-H00504-001,Corro Trailer 1,,,49500,49500,49500,99000,0,0
Rider,1778252234585,1,Color: White,Size: XS,,Equisite Alesia Long Sleeve Mockneck Officially Licensed FEI™ World Cup™ Finals Fort Worth 2026 Merchandise,Rider > Accessories & Apparel > Shirts,1,Eliot's Trailer,6596d5ce0b755-FEI,Corro Trailer 1,,,55000,55000,55000,110000,0,0
Rider,1778252234585,1,Color: Black,Size: XS,,Equisite Alesia Long Sleeve Mockneck Officially Licensed FEI™ World Cup™ Finals Fort Worth 2026 Merchandise,Rider > Accessories & Apparel > Shirts,1,Eliot's Trailer,sku-47110139576611-FEI,Corro Trailer 1,,,55000,55000,55000,110000,0,0
Rider,1778252234585,1,Color: White,Size: M,,Equisite Alesia Long Sleeve Mockneck Officially Licensed FEI™ World Cup™ Finals Fort Worth 2026 Merchandise,Rider > Accessories & Apparel > Shirts,1,Eliot's Trailer,6596d5ce0b759-FEI,Corro Trailer 1,,,55000,55000,55000,110000,0,0
Rider,1778252234585,1,Color: Black,Size: M,,Equisite Alesia Long Sleeve Mockneck Officially Licensed FEI™ World Cup™ Finals Fort Worth 2026 Merchandise,Rider > Accessories & Apparel > Shirts,1,Eliot's Trailer,6596d5c923cd8-FEI,Corro Trailer 1,,,55000,55000,55000,110000,0,0
Rider,1778252234585,1,Color: Aubergine,Size: L,,Equisite Alesia Long Sleeve Mockneck Officially Licensed FEI™ World Cup™ Finals Fort Worth 2026 Merchandise,Rider > Accessories & Apparel > Shirts,1,Eliot's Trailer,sku-53634206531875-FEI,Corro Trailer 1,,,55000,55000,55000,110000,0,0
Rider,1778252234585,1,Color: Black,Size: XL,,Equisite Alesia Long Sleeve Mockneck Officially Licensed FEI™ World Cup™ Finals Fort Worth 2026 Merchandise,Rider > Accessories & Apparel > Shirts,1,Eliot's Trailer,6596d5cc5e407-FEI,Corro Trailer 1,,,55000,55000,55000,110000,0,0
Rider,1778252234585,1,Color: Aubergine,Size: XL,,Equisite Alesia Long Sleeve Mockneck Officially Licensed FEI™ World Cup™ Finals Fort Worth 2026 Merchandise,Rider > Accessories & Apparel > Shirts,1,Eliot's Trailer,sku-53634206564643-FEI,Corro Trailer 1,,,55000,55000,55000,110000,0,0
Rider,1778252234585,1,Color: Black,Size: S,,Equisite Alesia Long Sleeve Mockneck Officially Licensed FEI™ World Cup™ Finals Fort Worth 2026 Merchandise,Rider > Accessories & Apparel > Shirts,1,Eliot's Trailer,6596d5cab0b72-FEI,Corro Trailer 1,,,55000,55000,55000,110000,0,0
Rider,1778252234585,1,Color: Aubergine,Size: S,,Equisite Alesia Long Sleeve Mockneck Officially Licensed FEI™ World Cup™ Finals Fort Worth 2026 Merchandise,Rider > Accessories & Apparel > Shirts,1,Eliot's Trailer,sku-53634206466339-FEI,Corro Trailer 1,,,55000,55000,55000,110000,0,0
Rider,1778252234585,1,Color: Black,Size: L,,Equisite Alesia Long Sleeve Mockneck Officially Licensed FEI™ World Cup™ Finals Fort Worth 2026 Merchandise,Rider > Accessories & Apparel > Shirts,1,Eliot's Trailer,6596d5c76b53d-FEI,Corro Trailer 1,,,55000,55000,55000,110000,0,0
Rider,1778252234585,1,Color: White,Size: XL,,Equisite Alesia Long Sleeve Mockneck Officially Licensed FEI™ World Cup™ Finals Fort Worth 2026 Merchandise,Rider > Accessories & Apparel > Shirts,1,Eliot's Trailer,sku-48651338318115-FEI,Corro Trailer 1,,,55000,55000,55000,110000,0,0
Rider,1778252234585,1,Color: Aubergine,Size: M,,Equisite Alesia Long Sleeve Mockneck Officially Licensed FEI™ World Cup™ Finals Fort Worth 2026 Merchandise,Rider > Accessories & Apparel > Shirts,1,Eliot's Trailer,sku-53634206499107-FEI,Corro Trailer 1,,,55000,55000,55000,110000,0,0
Rider,1778252234585,1,Color: White,Size: L,,Equisite Alesia Long Sleeve Mockneck Officially Licensed FEI™ World Cup™ Finals Fort Worth 2026 Merchandise,Rider > Accessories & Apparel > Shirts,1,Eliot's Trailer,6596d5ce0b761-FEI,Corro Trailer 1,,,55000,55000,55000,110000,0,0
Rider,1778252234585,1,Color: White,Size: S,,Equisite Alesia Long Sleeve Mockneck Officially Licensed FEI™ World Cup™ Finals Fort Worth 2026 Merchandise,Rider > Accessories & Apparel > Shirts,1,Eliot's Trailer,6596d5ce0b757-FEI,Corro Trailer 1,,,55000,55000,55000,110000,0,0
Rider,1778252234585,1,Size: S,Color: Aubergine,,Equisite Blaire Sleeveless Mockneck Officially Licensed FEI™ World Cup™ Finals Fort Worth 2026 Merchandise,Rider > Accessories & Apparel > Shirts,1,Eliot's Trailer,sku-53634206957859-FEI,Corro Trailer 1,,,42500,42500,42500,85000,0,0
Rider,1778252234585,1,Size: XS,Color: Aubergine,,Equisite Blaire Sleeveless Mockneck Officially Licensed FEI™ World Cup™ Finals Fort Worth 2026 Merchandise,Rider > Accessories & Apparel > Shirts,1,Eliot's Trailer,sku-53634206925091-FEI,Corro Trailer 1,,,42500,42500,42500,85000,0,0
Rider,1778252234585,1,Size: L,Color: White,,Equisite Blaire Sleeveless Mockneck Officially Licensed FEI™ World Cup™ Finals Fort Worth 2026 Merchandise,Rider > Accessories & Apparel > Shirts,1,Eliot's Trailer,sku-52973387940131-FEI,Corro Trailer 1,,,42500,42500,42500,85000,0,0
Rider,1778252234585,1,Size: M,Color: White,,Equisite Blaire Sleeveless Mockneck Officially Licensed FEI™ World Cup™ Finals Fort Worth 2026 Merchandise,Rider > Accessories & Apparel > Shirts,1,Eliot's Trailer,sku-52973387874595-FEI,Corro Trailer 1,,,42500,42500,42500,85000,0,0
Rider,1778252234585,1,Size: S,Color: White,,Equisite Blaire Sleeveless Mockneck Officially Licensed FEI™ World Cup™ Finals Fort Worth 2026 Merchandise,Rider > Accessories & Apparel > Shirts,1,Eliot's Trailer,sku-52973387809059-FEI,Corro Trailer 1,,,42500,42500,42500,85000,0,0
Rider,1778252234585,1,Size: M,Color: Aubergine,,Equisite Blaire Sleeveless Mockneck Officially Licensed FEI™ World Cup™ Finals Fort Worth 2026 Merchandise,Rider > Accessories & Apparel > Shirts,1,Eliot's Trailer,sku-53634206990627-FEI,Corro Trailer 1,,,42500,42500,42500,85000,0,0
Rider,1778252234585,1,Size: XL,Color: Aubergine,,Equisite Blaire Sleeveless Mockneck Officially Licensed FEI™ World Cup™ Finals Fort Worth 2026 Merchandise,Rider > Accessories & Apparel > Shirts,1,Eliot's Trailer,sku-53634207056163-FEI,Corro Trailer 1,,,42500,42500,42500,85000,0,0
Rider,1778252234585,1,Size: XL,Color: White,,Equisite Blaire Sleeveless Mockneck Officially Licensed FEI™ World Cup™ Finals Fort Worth 2026 Merchandise,Rider > Accessories & Apparel > Shirts,1,Eliot's Trailer,sku-52973388005667-FEI,Corro Trailer 1,,,42500,42500,42500,85000,0,0
Supplements,1778252144213,1,Size: 3 Pound Pellets,,,Kentucky Performance Elevate Maintenance Powder,Horse Care > Supplements > Vitamins & Minerals,2,Eliot's Trailer,14526-3,Corro Trailer 1,2027-09-01,LOT# 0001241022,33170,33170,33170,51570,0,0
Rider,1778252234585,1,Color: Beige,Size: 56,,Equiline Grafton B-MOVE - Men's Knee Patch Riding Breeches in B-Move Fabric,Rider > Accessories & Apparel > Breeches,1,Eliot's Trailer,EC018-N08200-005-56,Corro Trailer 1,,,190000,190000,190000,379000,0,0
Rider,1778252234585,1,Size: M,Color: Bellini,,Equisite Alesia Shirt IN STORE,Rider > Accessories & Apparel > Shirts,1,Eliot's Trailer,CORRO-47757021413667,Corro Trailer 1,,,58800,58800,58800,98000,0,0
Rider,1778252234585,1,Size: XS,Color: Amalfi,,Equisite Alesia Shirt IN STORE,Rider > Accessories & Apparel > Shirts,2,Eliot's Trailer,CORRO-6596d5cd7cd3e,Corro Trailer 1,,,58800,58800,58800,98000,0,0
Rider,1778252234585,1,Size: M,Color: Eucalyptus,,Equisite Alesia Shirt IN STORE,Rider > Accessories & Apparel > Shirts,2,Eliot's Trailer,CORRO-51085713244451,Corro Trailer 1,,,58800,58800,58800,98000,0,0
Rider,1778252234585,1,Size: XL,Color: Eucalyptus,,Equisite Alesia Shirt IN STORE,Rider > Accessories & Apparel > Shirts,2,Eliot's Trailer,CORRO-51085713375523,Corro Trailer 1,,,0,0,0,98000,0,0
Rider,1778252234585,1,Size: M,Color: Amalfi,,Equisite Alesia Shirt IN STORE,Rider > Accessories & Apparel > Shirts,2,Eliot's Trailer,CORRO-6596d5c89d84f,Corro Trailer 1,,,58800,58800,58800,98000,0,0
Rider,1778252234585,1,Size: XS,Color: Midnight Blue,,Equisite Alesia Shirt IN STORE,Rider > Accessories & Apparel > Shirts,2,Eliot's Trailer,CORRO-49540107141411,Corro Trailer 1,,,58800,58800,58800,98000,0,0
Rider,1778252234585,1,Size: L,Color: Lilac,,Equisite Alesia Shirt IN STORE,Rider > Accessories & Apparel > Shirts,2,Eliot's Trailer,CORRO-6596d5ce0b760,Corro Trailer 1,,,58800,58800,58800,98000,0,0
Rider,1778252234585,1,Size: XS,Color: Powder Blue,,Equisite Alesia Shirt IN STORE,Rider > Accessories & Apparel > Shirts,1,Eliot's Trailer,CORRO-47757021217059,Corro Trailer 1,,,58800,58800,58800,98000,0,0
Rider,1778252234585,1,Size: L,Color: Eucalyptus,,Equisite Alesia Shirt IN STORE,Rider > Accessories & Apparel > Shirts,2,Eliot's Trailer,CORRO-51085713309987,Corro Trailer 1,,,58800,58800,58800,98000,0,0
Rider,1778252234585,1,Size: M,Color: Graphite Grey,,Equisite Alesia Shirt IN STORE,Rider > Accessories & Apparel > Shirts,1,Eliot's Trailer,CORRO-51085713277219,Corro Trailer 1,,,58800,58800,58800,98000,0,0
Rider,1778252234585,1,Size: XS,Color: Eucalyptus,,Equisite Alesia Shirt IN STORE,Rider > Accessories & Apparel > Shirts,2,Eliot's Trailer,CORRO-51085713113379,Corro Trailer 1,,,58800,58800,58800,98000,0,0
Rider,1778252234585,1,Size: L,Color: Graphite Grey,,Equisite Alesia Shirt IN STORE,Rider > Accessories & Apparel > Shirts,2,Eliot's Trailer,CORRO-51085713342755,Corro Trailer 1,,,58800,58800,58800,98000,0,0
Rider,1778252234585,1,Size: M,Color: Midnight Blue,,Equisite Alesia Shirt IN STORE,Rider > Accessories & Apparel > Shirts,2,Eliot's Trailer,CORRO-49540107305251,Corro Trailer 1,,,58800,58800,58800,98000,0,0
Rider,1778252234585,1,Size: XL,Color: Graphite Grey,,Equisite Alesia Shirt IN STORE,Rider > Accessories & Apparel > Shirts,2,Eliot's Trailer,CORRO-51085713408291,Corro Trailer 1,,,0,0,0,98000,0,0
Rider,1778252234585,1,Size: XL,Color: Powder Blue,,Equisite Alesia Shirt IN STORE,Rider > Accessories & Apparel > Shirts,1,Eliot's Trailer,CORRO-47757021511971,Corro Trailer 1,,,58800,58800,58800,98000,0,0
Rider,1778252234585,1,Size: L,Color: Powder Blue,,Equisite Alesia Shirt IN STORE,Rider > Accessories & Apparel > Shirts,2,Eliot's Trailer,CORRO-47757021446435,Corro Trailer 1,,,58800,58800,58800,98000,0,0
Rider,1778252234585,1,Size: S,Color: Graphite Grey,,Equisite Alesia Shirt IN STORE,Rider > Accessories & Apparel > Shirts,1,Eliot's Trailer,CORRO-51085713211683,Corro Trailer 1,,,58800,58800,58800,98000,0,0
Rider,1778252234585,1,Size: XL,Color: Midnight Blue,,Equisite Alesia Shirt IN STORE,Rider > Accessories & Apparel > Shirts,1,Eliot's Trailer,CORRO-49540107436323,Corro Trailer 1,,,0,0,0,98000,0,0
Rider,1778252234585,1,Size: L,Color: Midnight Blue,,Equisite Alesia Shirt IN STORE,Rider > Accessories & Apparel > Shirts,2,Eliot's Trailer,CORRO-49540107370787,Corro Trailer 1,,,58800,58800,58800,98000,0,0
Rider,1778252234585,1,Size: XL,Color: Amalfi,,Equisite Alesia Shirt IN STORE,Rider > Accessories & Apparel > Shirts,1,Eliot's Trailer,CORRO-47110140002595,Corro Trailer 1,,,0,0,0,98000,0,0
Rider,1778252234585,1,Size: S,Color: Eucalyptus,,Equisite Alesia Shirt IN STORE,Rider > Accessories & Apparel > Shirts,2,Eliot's Trailer,CORRO-51085713178915,Corro Trailer 1,,,58800,58800,58800,98000,0,0
Rider,1778252234585,1,Size: S,Color: Amalfi,,Equisite Alesia Shirt IN STORE,Rider > Accessories & Apparel > Shirts,2,Eliot's Trailer,CORRO-6596d5ca300ea,Corro Trailer 1,,,58800,58800,58800,98000,0,0
Rider,1778252234585,1,Size: S,Color: Midnight Blue,,Equisite Alesia Shirt IN STORE,Rider > Accessories & Apparel > Shirts,0,Eliot's Trailer,CORRO-49540107206947,Corro Trailer 1,,,58800,58800,58800,98000,0,0
Rider,1778252234585,1,Size: M,Color: Lilac,,Equisite Alesia Shirt IN STORE,Rider > Accessories & Apparel > Shirts,2,Eliot's Trailer,CORRO-6596d5ce0b758,Corro Trailer 1,,,58800,58800,58800,98000,0,0
Rider,1778252234585,1,Size: XL,Color: Lilac,,Equisite Alesia Shirt IN STORE,Rider > Accessories & Apparel > Shirts,1,Eliot's Trailer,CORRO-48651338285347,Corro Trailer 1,,,0,0,0,98000,0,0
Rider,1778252234585,1,Size: L,Color: Amalfi,,Equisite Alesia Shirt IN STORE,Rider > Accessories & Apparel > Shirts,2,Eliot's Trailer,CORRO-6596d5c6d5952,Corro Trailer 1,,,58800,58800,58800,98000,0,0
Rider,1778252234585,1,Size: XS,Color: Graphite Grey,,Equisite Alesia Shirt IN STORE,Rider > Accessories & Apparel > Shirts,2,Eliot's Trailer,CORRO-51085713146147,Corro Trailer 1,,,58800,58800,58800,98000,0,0
Rider,1778252234585,1,Color: Black,Size: M/L,,Yagya Leather Buckle Belt,Rider > Accessories & Apparel > Belts,1,Eliot's Trailer,1000000001462,Corro Trailer 1,,,90000,90000,90000,190000,0,0
Rider,1778252234585,1,Color: Brown,Size: M/L,,Yagya Leather Buckle Belt,Rider > Accessories & Apparel > Belts,1,Eliot's Trailer,1000000000718,Corro Trailer 1,,,90000,90000,90000,190000,0,0
Rider,1778252234585,1,Size: Large,Color: Fog,,Yagya Lightweight Long Sleeve,Rider > Accessories & Apparel > Shirts,1,Eliot's Trailer,1000000001481,Corro Trailer 1,,,55000,55000,55000,160000,0,0
Rider,1778252234585,1,Size: Small,Color: Camel,,Yagya Lightweight Long Sleeve,Rider > Accessories & Apparel > Shirts,1,Eliot's Trailer,1000000001182,Corro Trailer 1,,,55000,55000,55000,160000,0,0
Rider,1778252234585,1,Size: Large,Color: Camel,,Yagya Lightweight Long Sleeve,Rider > Accessories & Apparel > Shirts,1,Eliot's Trailer,1000000001184,Corro Trailer 1,,,55000,55000,55000,160000,0,0
Rider,1778252234585,1,Size: Small,Color: Fog,,Yagya Lightweight Long Sleeve,Rider > Accessories & Apparel > Shirts,1,Eliot's Trailer,1000000001479,Corro Trailer 1,,,55000,55000,55000,160000,0,0
Rider,1778252234585,1,Size: Medium,Color: Fog,,Yagya Lightweight Long Sleeve,Rider > Accessories & Apparel > Shirts,1,Eliot's Trailer,1000000001480,Corro Trailer 1,,,55000,55000,55000,160000,0,0
Rider,1778252234585,1,Size: Medium,Color: Camel,,Yagya Lightweight Long Sleeve,Rider > Accessories & Apparel > Shirts,1,Eliot's Trailer,1000000001183,Corro Trailer 1,,,55000,55000,55000,160000,0,0
Rider,1778252234585,1,Size: XS,Color: Fog,,Yagya Lightweight Long Sleeve,Rider > Accessories & Apparel > Shirts,1,Eliot's Trailer,1000000001478,Corro Trailer 1,,,55000,55000,55000,160000,0,0
Rider,1778252234585,1,Size: Large,Color: White/White,,Yagya Timeless Short Sleeve Show Shirt,Rider > Accessories & Apparel > Shirts,1,Eliot's Trailer,1000000001437,Corro Trailer 1,,,90000,90000,90000,180000,0,0
Rider,1778252234585,1,Size: Small,Color: White/White,,Yagya Timeless Short Sleeve Show Shirt,Rider > Accessories & Apparel > Shirts,1,Eliot's Trailer,1000000001435,Corro Trailer 1,,,90000,90000,90000,180000,0,0
Rider,1778252234585,1,Size: XS,Color: White/White,,Yagya Timeless Short Sleeve Show Shirt,Rider > Accessories & Apparel > Shirts,1,Eliot's Trailer,1000000001434,Corro Trailer 1,,,90000,90000,90000,180000,0,0
Rider,1778252234585,1,Size: Medium,Color: White/White,,Yagya Timeless Short Sleeve Show Shirt,Rider > Accessories & Apparel > Shirts,1,Eliot's Trailer,1000000001436,Corro Trailer 1,,,90000,90000,90000,180000,0,0
Rider,1778252234585,1,Color: White/White,Size: XS,,Yagya AirTech Half Zip,Rider > Accessories & Apparel > Shirts,1,Eliot's Trailer,1000000001347,Corro Trailer 1,,,65000,65000,65000,140000,0,0
Rider,1778252234585,1,Color: White/White,Size: Small,,Yagya AirTech Half Zip,Rider > Accessories & Apparel > Shirts,1,Eliot's Trailer,1000000001348,Corro Trailer 1,,,65000,65000,65000,140000,0,0
Rider,1778252234585,1,Color: White/White,Size: Medium,,Yagya AirTech Half Zip,Rider > Accessories & Apparel > Shirts,1,Eliot's Trailer,1000000001349,Corro Trailer 1,,,65000,65000,65000,140000,0,0
Rider,1778252234585,1,Color: White/White,Size: Large,,Yagya AirTech Half Zip,Rider > Accessories & Apparel > Shirts,1,Eliot's Trailer,1000000001350,Corro Trailer 1,,,65000,65000,65000,140000,0,0
Rider,1778252234585,1,Color: Black/Black,Size: XS,,Yagya AirTech Half Zip,Rider > Accessories & Apparel > Shirts,1,Eliot's Trailer,1000000001340,Corro Trailer 1,,,65000,65000,65000,140000,0,0
Rider,1778252234585,1,Color: Black/Black,Size: Small,,Yagya AirTech Half Zip,Rider > Accessories & Apparel > Shirts,1,Eliot's Trailer,1000000001341,Corro Trailer 1,,,65000,65000,65000,140000,0,0
Rider,1778252234585,1,Color: Black/Black,Size: Medium,,Yagya AirTech Half Zip,Rider > Accessories & Apparel > Shirts,1,Eliot's Trailer,1000000001342,Corro Trailer 1,,,65000,65000,65000,140000,0,0
Rider,1778252234585,1,Size: XS/S,Color: Black/Gold,,Yagya Signature Belt,Rider > Accessories & Apparel > Belts,1,Eliot's Trailer,1000000001331,Corro Trailer 1,,,120000,120000,120000,260000,0,0
Rider,1778252234585,1,Size: XS/S,Color: Brown/Silver,,Yagya Signature Belt,Rider > Accessories & Apparel > Belts,1,Eliot's Trailer,1000000001333,Corro Trailer 1,,,120000,120000,120000,260000,0,0
Rider,1778252234585,1,Size: M/L,Color: Black/Gold,,Yagya Signature Belt,Rider > Accessories & Apparel > Belts,1,Eliot's Trailer,1000000001332,Corro Trailer 1,,,120000,120000,120000,260000,0,0
Rider,1778252234585,1,Size: M/L,Color: Brown/Silver,,Yagya Signature Belt,Rider > Accessories & Apparel > Belts,1,Eliot's Trailer,1000000001334,Corro Trailer 1,,,120000,120000,120000,260000,0,0
Rider,1778252234585,1,Color: Navy,Size: XS,,Yagya Half Zip Short Sleeve,Rider > Accessories & Apparel > Shirts,1,Eliot's Trailer,1000000001420,Corro Trailer 1,,,85000,85000,85000,180000,0,0
Rider,1778252234585,1,Color: Navy,Size: S,,Yagya Half Zip Short Sleeve,Rider > Accessories & Apparel > Shirts,1,Eliot's Trailer,1000000001421,Corro Trailer 1,,,85000,85000,85000,180000,0,0
Rider,1778252234585,1,Color: Navy,Size: One Size,,Yagya Riding Sock,Rider > Accessories & Apparel > Socks,2,Eliot's Trailer,1000000001459,Corro Trailer 1,,,22000,22000,22000,45000,0,0
Rider,1778252234585,1,Color: Navy,Size: XS,,Yagya Half Zip Long Sleeve,Rider > Accessories & Apparel > Shirts,1,Eliot's Trailer,1000000001406,Corro Trailer 1,,,95000,95000,95000,200000,0,0
Rider,1778252234585,1,Color: Navy,Size: S,,Yagya Half Zip Long Sleeve,Rider > Accessories & Apparel > Shirts,1,Eliot's Trailer,1000000001407,Corro Trailer 1,,,95000,95000,95000,200000,0,0
Rider,1778252234585,1,Color: Navy,Size: M,,Yagya Half Zip Long Sleeve,Rider > Accessories & Apparel > Shirts,1,Eliot's Trailer,1000000001408,Corro Trailer 1,,,95000,95000,95000,200000,0,0
Rider,1778252234585,1,Color: Navy,Size: M,,Yagya Half Zip Short Sleeve,Rider > Accessories & Apparel > Shirts,1,Eliot's Trailer,1000000001422,Corro Trailer 1,,,85000,85000,85000,180000,0,0
Rider,1778252234585,1,Color: Ivory,Size: XS,,Solid Citizen Jessica Seersucker Equestrian Button-Down Shirt,Rider > Accessories & Apparel > Shirts,2,Eliot's Trailer,SolidCitizenJessicaSeersuckerEquestrianButtonDownShirt-Ivory-XS,Corro Trailer 1,,,0,0,0,145000,0,0
Rider,1778252234585,1,Color: Ivory,Size: M,,Solid Citizen Jessica Seersucker Equestrian Button-Down Shirt,Rider > Accessories & Apparel > Shirts,1,Eliot's Trailer,SolidCitizenJessicaSeersuckerEquestrianButtonDownShirt-Ivory-M,Corro Trailer 1,,,0,0,0,145000,0,0
Rider,1778252234585,1,Color: Ivory,Size: L,,Solid Citizen Jessica Seersucker Equestrian Button-Down Shirt,Rider > Accessories & Apparel > Shirts,1,Eliot's Trailer,SolidCitizenJessicaSeersuckerEquestrianButtonDownShirt-Ivory-L,Corro Trailer 1,,,0,0,0,145000,0,0
,,,Size: 1.5 Kilograms,,,Cavalor Strucies Healthy Horse Snacks,Horse Care > Treats & Toys > Treats,-1,,82696409,Corro Trailer 1,,,13450,13450,13450,21350,0,0
Treats / Toys,1778252144214,1,Size: 1.5 Kilograms,,,Cavalor Strucies Healthy Horse Snacks,Horse Care > Treats & Toys > Treats,4,Eliot's Trailer,82696409,Corro Trailer 1,2027-02-28,Lot# LL241,13450,13450,13450,21350,0,0
Rider,1778252234585,1,Color: Cairo,Size: 24,,TKEQ Sculpt Breeches,Rider > Accessories & Apparel > Breeches,1,Eliot's Trailer,sculptBREECH-cairo-24,Corro Trailer 1,,,95000,95000,95000,199000,0,0
Rider,1778252234585,1,Color: Cairo,Size: 26,,TKEQ Sculpt Breeches,Rider > Accessories & Apparel > Breeches,1,Eliot's Trailer,sculptBREECH-cairo-26,Corro Trailer 1,,,95000,95000,95000,199000,0,0
Rider,1778252234585,1,Color: Cairo,Size: 28,,TKEQ Sculpt Breeches,Rider > Accessories & Apparel > Breeches,1,Eliot's Trailer,sculptBREECH-cairo-28,Corro Trailer 1,,,95000,95000,95000,199000,0,0
Rider,1778252234585,1,Color: Cairo,Size: 30,,TKEQ Sculpt Breeches,Rider > Accessories & Apparel > Breeches,1,Eliot's Trailer,sculptBREECH-cairo-30,Corro Trailer 1,,,95000,95000,95000,199000,0,0
Rider,1778252234585,1,Color: Cairo,Size: 32,,TKEQ Sculpt Breeches,Rider > Accessories & Apparel > Breeches,1,Eliot's Trailer,sculptBREECH-cairo-32,Corro Trailer 1,,,95000,95000,95000,199000,0,0
Rider,1778252234585,1,Size: XS/S,Color: Iced Out,,TKEQ Kennedy Seamless 2.0 Long Sleeve,Rider > Accessories & Apparel > Shirts,1,Eliot's Trailer,Ken-2.0-LS-L/XL-candy,Corro Trailer 1,,,41000,41000,41000,85000,0,0
Rider,1778252234585,1,Size: XS/S,Color: Candy,,TKEQ Kennedy Seamless 2.0 Long Sleeve,Rider > Accessories & Apparel > Shirts,1,Eliot's Trailer,Ken-2.0-LS-XSS-candy,Corro Trailer 1,,,41000,41000,41000,85000,0,0
Rider,1778252234585,1,Size: S/M,Color: Iced Out,,TKEQ Kennedy Seamless 2.0 Long Sleeve,Rider > Accessories & Apparel > Shirts,2,Eliot's Trailer,Ken-2.0-LS-SM-ice,Corro Trailer 1,,,41000,41000,41000,85000,0,0
Rider,1778252234585,1,Size: S/M,Color: Candy,,TKEQ Kennedy Seamless 2.0 Long Sleeve,Rider > Accessories & Apparel > Shirts,2,Eliot's Trailer,Ken-2.0-LS-SM-candy,Corro Trailer 1,,,41000,41000,41000,85000,0,0
Rider,1778252234585,1,Size: M/L,Color: Iced Out,,TKEQ Kennedy Seamless 2.0 Long Sleeve,Rider > Accessories & Apparel > Shirts,2,Eliot's Trailer,Ken-2.0-LS-ML-ice,Corro Trailer 1,,,41000,41000,41000,85000,0,0
Rider,1778252234585,1,Size: M/L,Color: Candy,,TKEQ Kennedy Seamless 2.0 Long Sleeve,Rider > Accessories & Apparel > Shirts,2,Eliot's Trailer,Ken-2.0-LS-ML-candy,Corro Trailer 1,,,41000,41000,41000,85000,0,0
Rider,1778252234585,1,Size: L/XL,Color: Iced Out,,TKEQ Kennedy Seamless 2.0 Long Sleeve,Rider > Accessories & Apparel > Shirts,1,Eliot's Trailer,Ken-2.0-LS-L/XL-ice,Corro Trailer 1,,,41000,41000,41000,85000,0,0
Rider,1778252234585,1,Size: L/XL,Color: Candy,,TKEQ Kennedy Seamless 2.0 Long Sleeve,Rider > Accessories & Apparel > Shirts,1,Eliot's Trailer,Ken-2.0-LS-L/XL-candy,Corro Trailer 1,,,41000,41000,41000,85000,0,0
Supplements,1778252144213,1,Size: Single Tube,,,Poseidon Stress Paste,Horse Care > Supplements > Calming & Focus,5,Eliot's Trailer,POS-STRESS-ST,Corro Trailer 1,,,16630,16630,16630,26000,0,0
Supplements,1778252144213,1,Size: 10 Pound,,,Poseidon Digestive HP,Horse Care > Supplements > Digestive & Gut Health,1,Eliot's Trailer,POS-DIGESTHP-10,Corro Trailer 1,,,93100,93100,93100,133000,0,0
Supplements,1778252144213,1,Size: 180g,,,Poseidon MetaboLize,Horse Care > Supplements > Metabolic,2,Eliot's Trailer,PoseidonMetabolize-180g,Corro Trailer 1,,,98000,98000,98000,140000,0,0
Rider,1778252234585,1,Size: Small,Color: Black,,Yagya Lightweight Long Sleeve,Rider > Accessories & Apparel > Shirts,1,Eliot's Trailer,1000000000780,Corro Trailer 1,,,55000,55000,55000,160000,0,0
Rider,1778252234585,1,Color: Tan,Size: M,,Yagya Timeless Riding Breeches,Rider > Accessories & Apparel > Breeches,2,Eliot's Trailer,1000000001260,Corro Trailer 1,,,195000,195000,195000,390000,0,0
Rider,1778252234585,1,Color: Tan,Size: L,,Yagya Timeless Riding Breeches,Rider > Accessories & Apparel > Breeches,1,Eliot's Trailer,1000000001261,Corro Trailer 1,,,195000,195000,195000,390000,0,0
Rider,1778252234585,1,Color: Tan,Size: S,,Yagya Timeless Riding Breeches,Rider > Accessories & Apparel > Breeches,2,Eliot's Trailer,1000000001259,Corro Trailer 1,,,195000,195000,195000,390000,0,0
Rider,1778252234585,1,Color: Tan,Size: XS,,Yagya Timeless Riding Breeches,Rider > Accessories & Apparel > Breeches,1,Eliot's Trailer,1000000001258,Corro Trailer 1,,,195000,195000,195000,390000,0,0
Rider,1778252234585,1,Color: Black/Black,Size: Medium,,Yagya AirTech Full Zip,Rider > Accessories & Apparel > Shirts,1,Eliot's Trailer,1000000001356,Corro Trailer 1,,,65000,65000,65000,150000,0,0
Rider,1778252234585,1,Color: Black/Black,Size: Large,,Yagya AirTech Full Zip,Rider > Accessories & Apparel > Shirts,1,Eliot's Trailer,1000000001357,Corro Trailer 1,,,65000,65000,65000,150000,0,0
Rider,1778252234585,1,Color: Black/Black,Size: XS,,Yagya AirTech Full Zip,Rider > Accessories & Apparel > Shirts,1,Eliot's Trailer,1000000001354,Corro Trailer 1,,,65000,65000,65000,150000,0,0
Rider,1778252234585,1,Color: Black/Black,Size: Small,,Yagya AirTech Full Zip,Rider > Accessories & Apparel > Shirts,1,Eliot's Trailer,1000000001355,Corro Trailer 1,,,65000,65000,65000,150000,0,0
Rider,1778252234585,1,Color: White,Size: XS,,Yagya Timeless Riding Breeches,Rider > Accessories & Apparel > Breeches,0,Eliot's Trailer,1000000001037,Corro Trailer 1,,,195000,195000,195000,390000,0,0
Rider,1778252234585,1,Color: White,Size: S,,Yagya Timeless Riding Breeches,Rider > Accessories & Apparel > Breeches,1,Eliot's Trailer,1000000001038,Corro Trailer 1,,,195000,195000,195000,390000,0,0
Rider,1778252234585,1,Size: Medium,Color: White/White,,Yagya Timeless Mesh Show Shirt,Rider > Accessories & Apparel > Shirts,1,Eliot's Trailer,1000000001053,Corro Trailer 1,,,80000,80000,80000,230000,0,0
Rider,1778252234585,1,Size: Large,Color: White/White,,Yagya Timeless Mesh Show Shirt,Rider > Accessories & Apparel > Shirts,1,Eliot's Trailer,1000000001054,Corro Trailer 1,,,80000,80000,80000,230000,0,0
Rider,1778252234585,1,Size: XS,Color: White/White,,Yagya Timeless Mesh Show Shirt,Rider > Accessories & Apparel > Shirts,1,Eliot's Trailer,1000000001051,Corro Trailer 1,,,80000,80000,80000,230000,0,0
Rider,1778252234585,1,Size: Small,Color: White/White,,Yagya Timeless Mesh Show Shirt,Rider > Accessories & Apparel > Shirts,1,Eliot's Trailer,1000000001052,Corro Trailer 1,,,80000,80000,80000,230000,0,0
Rider,1778252234585,1,Size: Medium,Color: Black,,Yagya Timeless Mesh Show Shirt,Rider > Accessories & Apparel > Shirts,0,Eliot's Trailer,1000000001310,Corro Trailer 1,,,80000,80000,80000,230000,0,0
Rider,1778252234585,1,Size: Large,Color: Black,,Yagya Timeless Mesh Show Shirt,Rider > Accessories & Apparel > Shirts,1,Eliot's Trailer,1000000001311,Corro Trailer 1,,,80000,80000,80000,230000,0,0
Rider,1778252234585,1,Size: XS,Color: Black,,Yagya Timeless Mesh Show Shirt,Rider > Accessories & Apparel > Shirts,1,Eliot's Trailer,1000000001308,Corro Trailer 1,,,80000,80000,80000,230000,0,0
Rider,1778252234585,1,Size: Small,Color: Black,,Yagya Timeless Mesh Show Shirt,Rider > Accessories & Apparel > Shirts,1,Eliot's Trailer,1000000001309,Corro Trailer 1,,,80000,80000,80000,230000,0,0